Date,Open,High,Low,Close,Volume,Dividends,Stock Splits
2022-01-19,37.0056399390811,41.87480308896019,37.0056399390811,40.900970458984375,129900.0,0.0,0.0
2022-01-20,39.87844297319987,47.10427858562131,39.87844297319987,43.82246398925781,153400.0,0.0,0.0
2022-01-21,41.874798923068575,48.642935771051434,41.826108039389105,43.82246398925781,329500.0,0.0,0.0
2022-01-24,43.74455871426013,43.82246710558859,40.78411042643322,41.68003463745117,110000.0,0.0,0.0
2022-01-25,41.387884106693164,43.744557136215946,40.248501786190765,40.8016357421875,23500.0,0.0,0.0
2022-01-26,43.83220402211531,43.8808986243839,41.14442766038498,42.089046478271484,90500.0,0.0,0.0
2022-01-27,46.02332513338448,48.32157056848233,42.60517448364244,44.56257629394531,151600.0,0.0,0.0
2022-01-28,43.384243614863,46.35443244071834,42.99471278558174,45.526676177978516,43600.0,0.0,0.0
2022-01-31,44.796303590138756,46.74396896362305,44.796303590138756,46.74396896362305,71300.0,0.0,0.0
2022-02-01,46.25704929710868,48.691630839061766,45.818823876581796,48.477386474609375,298800.0,0.0,0.0
2022-02-02,48.72571331099725,54.758605886439774,48.496862058817385,51.62286376953125,23860900.0,0.0,0.0
2022-02-03,50.82432275227316,55.089710638818644,48.983779707462034,52.21690368652344,8425500.0,0.0,0.0
2022-02-04,51.223592028911824,52.90832565505087,48.8084876854031,48.827964782714844,6757800.0,0.0,0.0
2022-02-07,48.69163417922404,48.73058837813787,44.796303444886114,44.864471435546875,9432500.0,0.0,0.0
2022-02-08,43.94907015342531,46.31548387727669,43.01418795168482,44.30938720703125,7277500.0,0.0,0.0
2022-02-09,43.57901230790146,46.20836127950999,42.73177891884073,46.072025299072266,4393100.0,0.0,0.0
2022-02-10,44.31911792763578,47.23087890058883,44.19252237024211,45.81882095336914,2450000.0,0.0,0.0
2022-02-11,45.53640873454558,47.63015021821953,44.85472891649024,46.831607818603516,3456800.0,0.0,0.0
2022-02-14,46.92899033691516,47.71779605808806,45.760394221679476,46.8510856628418,2155000.0,0.0,0.0
2022-02-15,46.451819900575785,47.182194415632395,45.96490355720471,46.74396896362305,2359800.0,0.0,0.0
2022-02-16,46.4712866714048,47.201661024128676,45.72143522348983,45.96489334106445,5855300.0,0.0,0.0
2022-02-17,45.107927720004554,45.8480426089078,44.007495793409234,44.104881286621094,3142600.0,0.0,0.0
2022-02-18,43.968542074002,44.69891650237495,43.62769844516876,44.221736907958984,2018700.0,0.0,0.0
2022-02-21,43.968542074002,44.69891650237495,43.62769844516876,44.221736907958984,2018700.0,0.0,0.0
2022-02-22,44.221734882398266,44.48467011035405,42.351978214547756,42.40066909790039,2611100.0,0.0,0.0
2022-02-23,42.546742343583915,42.83889507754224,41.076256842441275,41.96244430541992,2791200.0,0.0,0.0
2022-02-24,42.15883321224043,43.56575464404779,41.25019528948801,43.30195617675781,2447900.0,0.141,0.0
2022-02-25,43.282415811014545,43.89794557763213,42.73528155364123,42.90137481689453,2040700.0,0.0,0.0
2022-02-28,42.30538805794278,45.54912657795585,41.484682906670024,44.923828125,5534900.0,0.0,0.0
2022-03-01,44.57208931309838,46.94627153951336,44.30829087382203,46.69224548339844,4212900.0,0.0,0.0
2022-03-02,46.89742443914463,49.14459194810582,46.242816345343,48.32388687133789,3517100.0,0.0,0.0
2022-03-03,48.675619303184476,49.173906536806115,46.4548319603332,48.382511138916016,2072200.0,0.0,0.0
2022-03-04,48.04054062505362,49.867588545768704,47.141675238515816,49.82850646972656,2544600.0,0.0,0.0
2022-03-07,49.88714100574855,51.372226691722,48.72447320326251,50.46358871459961,2726900.0,0.0,0.0
2022-03-08,50.00437756560304,54.04927970251083,49.681955993524035,51.11819076538086,3873700.0,0.0,0.0
2022-03-09,51.23542816505902,52.446946444719686,49.42792499174613,50.15092849731445,3050600.0,0.0,0.0
2022-03-10,49.40838685346993,50.45380823322091,48.138249111695785,50.14115905761719,2692700.0,0.0,0.0
2022-03-11,50.23886409809793,50.649218499664094,47.18076389892574,48.187103271484375,3034100.0,0.0,0.0
2022-03-14,50.668763831066094,50.668763831066094,47.473876076112354,49.779666900634766,2916600.0,0.0,0.0
2022-03-15,50.16070529314517,50.40496271983032,48.75378385718483,50.111854553222656,2117400.0,0.0,0.0
2022-03-16,50.522206494756055,51.196359394462455,49.19344546428433,50.58082962036133,2989800.0,0.0,0.0
2022-03-17,50.68829270938332,51.49922527559695,49.74057287917543,49.8187370300293,2244600.0,0.0,0.0
2022-03-18,49.48654789139597,50.22908870487882,47.75720515137333,47.88421630859375,9663900.0,0.0,0.0
2022-03-21,47.786516916920526,48.294572749045926,47.48363640342112,48.08939743041992,2452000.0,0.0,0.0
2022-03-22,49.193439594401035,50.85439068430189,48.861249376420865,49.965293884277344,3841900.0,0.0,0.0
2022-03-23,49.535397573791826,50.58081886549519,49.535397573791826,49.8187370300293,2396200.0,0.0,0.0
2022-03-24,50.0043847908282,51.37222798329328,49.60086952095112,51.20613098144531,2335200.0,0.0,0.0
2022-03-25,51.04003358126599,52.58373858169016,50.8348545100292,52.5641975402832,2441200.0,0.0,0.0
2022-03-28,53.1308734160882,55.544134117429195,52.80845184256005,55.47574234008789,3127000.0,0.0,0.0
2022-03-29,55.69069131278403,56.07173228859255,53.37513203335908,55.03608322143555,2201300.0,0.0,0.0
2022-03-30,54.879759305471595,56.4625501850301,54.42055785707173,56.1792106628418,1934100.0,0.0,0.0
2022-03-31,56.99991227609028,57.72291588675955,54.49871492739974,54.95792007446289,3817600.0,0.0,0.0
2022-04-01,55.065394340214986,56.960830611370476,54.420554889032395,56.68726348876953,2156500.0,0.0,0.0
2022-04-04,57.01945279457536,57.35164303528613,56.20851637013606,57.03899383544922,1885100.0,0.0,0.0
2022-04-05,57.3027935970695,58.934431412804805,57.10738691096875,57.644752502441406,2143100.0,0.0,0.0
2022-04-06,57.547046898912555,58.69994216450684,57.029218658794,58.23096466064453,2559400.0,0.0,0.0
2022-04-07,58.387293858713974,59.66720412119637,57.98671182649773,59.51087951660156,3925800.0,0.0,0.0
2022-04-08,59.81375247748679,63.409221653930096,59.501103307976244,62.54943084716797,4762100.0,0.0,0.0
2022-04-11,62.705763293565646,63.176693791731054,59.022361062386494,59.28615951538086,3487700.0,0.0,0.0
2022-04-12,59.59881105003197,61.758045768986555,59.48156853089089,60.44882583618164,2553000.0,0.0,0.0
2022-04-13,60.61491600500112,63.06726233663866,60.33157653245666,62.72529602050781,3405700.0,0.0,0.0
2022-04-14,62.64714496291983,63.23336127258458,60.7526815156329,61.11320495605469,1860100.0,0.0,0.0
2022-04-15,62.64714496291983,63.23336127258458,60.7526815156329,61.11320495605469,1860100.0,0.0,0.0
2022-04-18,60.85917655295739,62.69598957403922,60.85917655295739,61.85574722290039,1216800.0,0.0,0.0
2022-04-19,62.16838635671519,65.35350079602448,61.43561425259997,65.1776351928711,2078800.0,0.0,0.0
2022-04-20,66.26215814385615,67.10240433529452,63.570443833721725,63.90752029418945,2182800.0,0.0,0.0
2022-04-21,63.506930672699085,64.77707226781109,60.72239751095591,61.23044967651367,2493700.0,0.0,0.0
2022-04-22,61.064352011683006,62.97542322453692,60.85917668342109,60.9959602355957,2030500.0,0.0,0.0
2022-04-25,60.927574395591805,61.39654821748428,58.07464565357177,60.83964157104492,2261600.0,0.0,0.0
2022-04-26,60.38042884612408,60.79078321831886,58.53384348892799,58.57292556762695,2136500.0,0.0,0.0
2022-04-27,58.631548819632506,59.7844441276677,58.35798170486905,58.709712982177734,1991600.0,0.0,0.0
2022-04-28,58.83672518224279,59.94076597447687,57.44934117732359,59.90168762207031,3354600.0,0.0,0.0
2022-04-29,60.08732483864687,60.439056116960785,57.79130659986901,57.84992599487305,2578400.0,0.0,0.0
2022-05-02,57.93785594270344,58.612008768414185,55.59298708195719,56.86312484741211,2488200.0,0.0,0.0
2022-05-03,57.107387181335234,59.06144659744886,57.107387181335234,58.32867431640625,2224200.0,0.0,0.0
2022-05-04,58.739022851877884,60.864061643599484,58.468385215233496,60.39020538330078,2628900.0,0.0,0.0
2022-05-05,59.81375951472397,60.566072832080266,57.81084564511716,58.778106689453125,1946800.0,0.0,0.0
2022-05-06,58.87580958580464,59.823529611673074,57.35164560020317,58.885581970214844,2861000.0,0.0,0.0
2022-05-09,59.17868598548152,59.17868598548152,55.270567360178745,56.29644775390625,2193700.0,0.0,0.0
2022-05-10,56.911983402455775,58.494770566806366,55.43178391544457,55.72977828979492,2156200.0,0.0,0.0
2022-05-11,55.79816660661366,57.674061836350106,55.23148759321046,56.05219268798828,1877000.0,0.0,0.0
2022-05-12,56.131524697676184,56.660417733369655,51.98850745659035,52.370487213134766,3785600.0,0.141,0.0
2022-05-13,53.40869235826554,54.75150248508451,52.52720139997319,53.4870491027832,2317500.0,0.0,0.0
2022-05-16,53.30095436292496,55.95523120438355,53.22260135369196,55.426334381103516,1631900.0,0.0,0.0
2022-05-17,55.680982834371704,58.25690276856072,54.82887383010763,58.10019302368164,2215100.0,0.0,0.0
2022-05-18,58.19814058085226,59.01597325686718,55.75934471772116,56.10214614868164,4609100.0,0.0,0.0
2022-05-19,55.955227062133666,56.327410366885196,53.79066883144875,56.05316925048828,2181100.0,0.0,0.0
2022-05-20,56.327412356343224,57.72800736956154,54.3489531806658,55.48509979248047,2266200.0,0.0,0.0
2022-05-23,56.317629158845754,56.405778640892436,54.71135302933351,55.436134338378906,1581800.0,0.0,0.0
2022-05-24,55.38714911754832,56.18049425376693,53.937583132655696,55.61241912841797,1682300.0,0.0,0.0
2022-05-25,55.710373670588524,58.119787623678285,55.710373670588524,57.95328140258789,1974700.0,0.0,0.0
2022-05-26,57.96307648243969,61.746640239699914,57.95328002106211,61.1854248046875,3260100.0,0.0,0.0
2022-05-27,61.11685992512635,65.26967000823775,60.7250836970947,65.2304916381836,2793800.0,0.0,0.0
2022-05-30,61.11685992512635,65.26967000823775,60.7250836970947,65.2304916381836,2793800.0,0.0,0.0
2022-05-31,64.19229465050336,65.02481451228341,60.108040877419405,60.803443908691406,7389300.0,0.0,0.0
2022-06-01,61.097274516368,62.6056044941294,60.872004479015686,62.34115982055664,2008600.0,0.0,0.0
2022-06-02,62.38033080288305,62.80149267794446,60.705494708330235,62.4390983581543,1758500.0,0.0,0.0
2022-06-03,61.95917086465886,64.46653043958803,61.822050309263226,63.82989501953125,1793500.0,0.0,0.0
2022-06-06,64.22167288628853,65.56350403855026,64.0404794632587,65.02481079101562,2033200.0,0.0,0.0
2022-06-07,64.17268491623891,65.32842044225903,63.821073501624404,65.18151092529297,2721700.0,0.0,0.0
2022-06-08,65.07377919612263,65.10316110263054,61.83184225166873,63.438114166259766,1922200.0,0.0,0.0
2022-06-09,62.93860963367449,63.13449400085294,59.90235337109601,59.951324462890625,1811000.0,0.0,0.0
2022-06-10,58.61929161894555,59.80441299930584,57.992452657972635,58.56052780151367,1540800.0,0.0,0.0
2022-06-13,57.0717908752894,57.77698666686497,54.06491977191247,54.33916091918945,2113200.0,0.0,0.0
2022-06-14,54.87784614068643,55.31859347550357,52.22357314337837,53.32054138183594,2330400.0,0.0,0.0
2022-06-15,54.55463138001684,58.33035985607042,54.535042195352865,57.00322341918945,3891700.0,0.0,0.0
2022-06-16,55.17167547256007,57.150134475298465,54.926816278173604,57.06198501586914,4837000.0,0.0,0.0
2022-06-17,57.34603225309834,58.27649809599984,54.34405936849921,56.9052848815918,6478700.0,0.0,0.0
2022-06-20,57.34603225309834,58.27649809599984,54.34405936849921,56.9052848815918,6478700.0,0.0,0.0
2022-06-21,56.905278689573876,59.686879453873914,56.905278689573876,59.138397216796875,4363600.0,0.0,0.0
2022-06-22,58.061014808860826,59.187368671870466,57.654551358909735,57.992454528808594,3233400.0,0.0,0.0
2022-06-23,58.64868043506622,59.97091870634632,56.60165724081254,57.443973541259766,2667600.0,0.0,0.0
2022-06-24,57.630065207800655,59.09922050330585,56.787748907243525,58.06101608276367,6473700.0,0.0,0.0
2022-06-27,57.90430886597566,58.639865444734454,57.218702284176416,58.19813919067383,1718900.0,0.0,0.0
2022-06-28,58.60949976469648,59.65749686867566,56.64083339015527,56.88569259643555,1401700.0,0.0,0.0
2022-06-29,56.76816251265154,56.959152411556914,55.16188657506008,56.13153076171875,1412200.0,0.0,0.0
2022-06-30,55.729959726696954,57.624188791283544,55.38715457841893,56.08255386352539,2424400.0,0.0,0.0
2022-07-01,55.55365992880157,56.895487381671366,55.45571400098856,56.41556167602539,1531900.0,0.0,0.0
2022-07-04,55.55365992880157,56.895487381671366,55.45571400098856,56.41556167602539,1531900.0,0.0,0.0
2022-07-05,55.97481911426562,56.19029268693402,51.802415918547275,53.81026077270508,2696000.0,0.0,0.0
2022-07-06,53.99635878774581,56.04338211296116,53.43808003871029,55.592838287353516,1716600.0,0.0,0.0
2022-07-07,56.38617854709012,58.668268176364656,56.38617854709012,57.89451217651367,1872100.0,0.0,0.0
2022-07-08,57.728005518205535,58.580118251930344,56.2392610855972,58.42340850830078,2096000.0,0.0,0.0
2022-07-11,58.42341303231661,58.90333502473333,57.208909622951204,58.60950469970703,1774700.0,0.0,0.0
2022-07-12,58.1883495801687,59.853393157589,57.70842382634398,58.01205062866211,1808400.0,0.0,0.0
2022-07-13,56.954254658781316,59.040452471513674,56.954254658781316,58.58991241455078,1577200.0,0.0,0.0
2022-07-14,57.09137534560522,57.757392707899946,55.916050368834824,56.728981018066406,2608600.0,0.0,0.0
2022-07-15,53.82985058300173,55.481181986735535,51.557557296878294,54.51545715332031,5186100.0,0.0,0.0
2022-07-18,55.17168607302935,55.50469105457259,53.467464108704995,53.68294143676758,2583100.0,0.0,0.0
2022-07-19,54.299977048502875,54.358744603937325,53.05609181371983,53.86902618408203,2326200.0,0.0,0.0
2022-07-20,54.02573913916624,54.20693631033115,52.2725461952093,52.958152770996094,2803600.0,0.0,0.0
2022-07-21,52.7524648830849,53.72700342036946,52.213775408336105,53.046295166015625,1816800.0,0.0,0.0
2022-07-22,53.66334724451008,54.45668872156239,52.32151603649254,52.889591217041016,1503100.0,0.0,0.0
2022-07-25,52.87000156311097,53.92779517148895,52.27254447722213,53.82984924316406,1847700.0,0.0,0.0
2022-07-26,54.26080338373258,55.50468490448013,53.7612884942545,54.35874557495117,1993500.0,0.0,0.0
2022-07-27,53.89840795469843,54.613396397493,53.06588813759304,54.388126373291016,1557200.0,0.0,0.0
2022-07-28,61.29315169170056,64.58405966659113,60.911168232691644,63.26181411743164,8460600.0,0.0,0.0
2022-07-29,62.53703571951556,65.23048681330644,62.331354896327205,64.74076843261719,3895200.0,0.0,0.0
2022-08-01,64.69181497245764,65.2305008234082,62.811290307607656,63.957237243652344,2735200.0,0.0,0.0
2022-08-02,63.95722521251362,65.41658393358044,63.65359472708319,64.48611450195312,1722900.0,0.0,0.0
2022-08-03,65.25988334602503,65.9944610816861,64.19230062366964,65.78878021240234,2286700.0,0.0,0.0
2022-08-04,64.16291590129244,66.9641061417999,64.16291590129244,66.07281494140625,2425900.0,0.0,0.0
2022-08-05,68.3255262090955,74.41762545524844,68.31572974693619,72.77217102050781,4216800.0,0.0,0.0
2022-08-08,75.42644756349499,76.03369373800413,73.4283951311329,74.32947540283203,3183600.0,0.0,0.0
2022-08-09,74.1923381464078,75.19136040186105,73.47734598923776,74.16295623779297,2945700.0,0.0,0.0
2022-08-10,74.48618245803927,75.61252896378325,73.94748915071843,75.5341796875,2134600.0,0.0,0.0
2022-08-11,75.53417117709492,78.41371038198825,75.10321657979374,77.2090072631836,2540200.0,0.0,0.0
2022-08-12,78.15194412825224,80.14376268620272,77.5534164106739,79.96714782714844,2170800.0,0.141,0.0
2022-08-15,78.74065354504717,80.8796522834639,78.74065354504717,79.67278289794922,1980100.0,0.0,0.0
2022-08-16,79.57466560488066,80.56567156989806,79.37843020934676,79.86902618408203,1878800.0,0.0,0.0
2022-08-17,78.9074558095076,79.91808233290634,77.61228271874114,78.20099639892578,2502200.0,0.0,0.0
2022-08-18,77.92626308456026,80.6000096584102,77.92626308456026,80.06526184082031,1939600.0,0.0,0.0
2022-08-19,78.7995190515677,79.7512763918051,78.34817167611597,79.31954956054688,1704000.0,0.0,0.0
2022-08-22,79.2312490271684,79.2312490271684,78.02437964911938,78.15193939208984,1724600.0,0.0,0.0
2022-08-23,78.76027757506876,79.36861930249206,78.10288073979085,78.25006103515625,1065800.0,0.0,0.0
2022-08-24,78.16174550061078,79.29502087709508,77.81832236818553,78.85839080810547,1430200.0,0.0,0.0
2022-08-25,78.50516533088955,81.27212616533984,78.26477062256053,81.1838150024414,1551700.0,0.0,0.0
2022-08-26,81.18381067938452,81.66460007044044,79.08406074236777,79.30973815917969,1641000.0,0.0,0.0
2022-08-29,78.15193961770417,80.44792516699583,77.6613436470794,79.47654724121094,1191200.0,0.0,0.0
2022-08-30,80.04562928150642,80.04562928150642,77.49453208463487,78.19117736816406,1802800.0,0.0,0.0
2022-08-31,78.75046328404203,80.84039931738138,78.07343848362362,80.0554428100586,3016500.0,0.0,0.0
2022-09-01,80.05544772864917,81.38006285187797,79.63354237597395,80.96795654296875,2421100.0,0.0,0.0
2022-09-02,81.02682891615396,82.11595252426171,79.43729534288588,79.54522705078125,2232200.0,0.0,0.0
2022-09-05,81.02682891615396,82.11595252426171,79.43729534288588,79.54522705078125,2232200.0,0.0,0.0
2022-09-06,80.16338746915628,81.14457951889332,79.5550531892961,80.71286010742188,2013300.0,0.0,0.0
2022-09-07,81.0464597108465,82.87147747493565,80.14768745725506,81.3408203125,1759100.0,0.0,0.0
2022-09-08,81.31137413171265,84.3334394455095,81.31137413171265,84.17645263671875,2184400.0,0.0,0.0
2022-09-09,84.87309931002412,86.15845830293067,83.82812754152826,85.86410522460938,1905300.0,0.0,0.0
2022-09-12,86.8943477922603,86.9924729659256,85.81503825503958,86.4724349975586,1733800.0,0.0,0.0
2022-09-13,85.26557215303319,86.37431623418658,84.15682058598016,84.7553482055664,1974200.0,0.0,0.0
2022-09-14,84.75534773818832,86.8649116737937,84.63760950934497,86.3939437866211,3600300.0,0.0,0.0
2022-09-15,86.22713911424448,86.59999681700336,84.6866681728931,85.1674575805664,3631800.0,0.0,0.0
2022-09-16,84.9810424173517,85.22634042514086,83.29633288515687,83.96060180664062,6245600.0,0.0,0.0
2022-09-19,83.79378712656319,88.01290767256832,83.64660684900373,87.67930603027344,4407400.0,0.0,0.0
2022-09-20,86.7471613398968,88.48386734608559,85.91314241050762,86.09957122802734,4626000.0,0.0,0.0
2022-09-21,87.12002959769902,88.39557457467127,85.58937263097228,85.638427734375,2155100.0,0.0,0.0
2022-09-22,86.34488778275472,86.34488778275472,83.0382683625138,83.77416229248047,1863300.0,0.0,0.0
2022-09-23,82.20916158102607,82.75371586359894,80.60981409720426,82.27293395996094,2678800.0,0.0,0.0
2022-09-26,82.09632945547132,83.35225396589829,80.11432499106013,81.36043548583984,1973300.0,0.0,0.0
2022-09-27,82.11595349758439,83.80850804833261,81.51742583248847,82.39068603515625,1777800.0,0.0,0.0
2022-09-28,82.52805579954477,83.92134657676,81.61554698344456,83.42093658447266,1564300.0,0.0,0.0
2022-09-29,83.45037002115346,84.58854867699918,80.52641500790025,81.4781723022461,1823700.0,0.0,0.0
2022-09-30,81.71366226150165,82.86165501636634,80.67360121718667,81.62535858154297,3267800.0,0.0,0.0
2022-10-03,83.43074592698122,85.2753914870327,82.2925672174538,84.9614028930664,2026700.0,0.0,0.0
2022-10-04,86.63924266974082,87.78232457843245,85.52068456838704,87.65967559814453,1679100.0,0.0,0.0
2022-10-05,86.0308987093341,87.78723295793534,83.98020392163116,86.51168060302734,1766700.0,0.0,0.0
2022-10-06,86.57057845270693,88.21799326835487,84.33345427537023,84.6572494506836,1677300.0,0.0,0.0
2022-10-07,84.09795310220156,84.13720167476015,81.80196775177237,82.80278015136719,2017200.0,0.0,0.0
2022-10-10,83.35224158032308,84.01945231308201,82.35142922413442,83.12657165527344,982800.0,0.0,0.0
2022-10-11,82.82241992142599,83.71530074453361,80.9974022111875,81.3211898803711,1534200.0,0.0,0.0
2022-10-12,81.54686015413108,82.01782807833698,80.14375542485486,80.61473083496094,1878400.0,0.0,0.0
2022-10-13,79.04481226037699,82.73409567601742,77.80851593142646,82.24349975585938,2746500.0,0.0,0.0
2022-10-14,82.62615634401628,83.16581480071143,79.19198522006265,79.73164367675781,1693300.0,0.0,0.0
2022-10-17,81.6547888500005,84.66704759998085,81.5762917035626,83.58773803710938,1678900.0,0.0,0.0
2022-10-18,84.87310529578389,85.75617956482766,82.92053537404867,84.88291931152344,1598900.0,0.0,0.0
2022-10-19,83.48960232615993,84.60816780700654,82.96957189695256,84.07832336425781,1325800.0,0.0,0.0
2022-10-20,84.74554396782024,85.0987736376456,82.59673139069929,82.9695816040039,2076500.0,0.0,0.0
2022-10-21,83.10695083871146,85.81504257560502,82.0865178514937,85.638427734375,1749200.0,0.0,0.0
2022-10-24,85.92101734210738,86.06034492198076,83.96059475063939,85.93279266357422,1325000.0,0.0,0.0
2022-10-25,85.85428163950536,86.8943425415933,85.11838779688102,86.49205780029297,1647200.0,0.0,0.0
2022-10-26,87.99329613260751,87.99329613260751,85.68749650124224,87.11022186279297,1370100.0,0.0,0.0
2022-10-27,88.11594353457643,91.38821779566031,88.11594353457643,91.29010009765625,3345800.0,0.0,0.0
2022-10-28,91.14290692472831,93.4604815082935,90.09303198409266,91.98673248291016,1958000.0,0.0,0.0
2022-10-31,92.36940072769362,93.62532510566672,91.61878955670345,92.76187896728516,2276600.0,0.0,0.0
2022-11-01,93.44870955779272,94.42990140632112,92.23693702598818,93.72344207763672,1467400.0,0.0,0.0
2022-11-02,92.89925623305464,94.478975907266,91.23123287457216,91.33915710449219,1966100.0,0.0,0.0
2022-11-03,90.42664897743641,93.65476373656776,90.42664897743641,92.63433074951172,1484400.0,0.0,0.0
2022-11-04,93.30154267521957,94.40048039822953,91.00065374832188,92.54602813720703,1974300.0,0.0,0.0
2022-11-07,93.27209674061979,93.27209674061979,91.21159531137617,91.74143981933594,2120300.0,0.0,0.0
2022-11-08,87.87555156923021,91.35388283695299,84.46100766176764,85.89354705810547,4345400.0,0.0,0.0
2022-11-09,85.36370708749365,88.2287860345036,84.70631022033268,85.70712280273438,2241500.0,0.0,0.0
2022-11-10,88.79786390584265,94.03742487898862,86.54111961884803,93.35059356689453,4885600.0,0.0,0.0
2022-11-11,93.4977771814117,94.06687028083181,89.8820874202911,90.57382202148438,3133200.0,0.0,0.0
2022-11-14,90.40774890453362,93.08067485433094,90.40774890453362,92.29451751708984,1997000.0,0.141,0.0
2022-11-15,92.87431213272023,93.11015633975758,91.0465026591384,91.88179016113281,2537200.0,0.0,0.0
2022-11-16,92.67777206119946,92.88413668624068,89.7002135469081,90.09329223632812,1384600.0,0.0,0.0
2022-11-17,88.8649138051843,89.87708623062687,87.33191537421119,88.49149322509766,1792500.0,0.0,0.0
2022-11-18,88.5602930183513,91.82283337380665,88.46791813992856,91.68525695800781,2515700.0,0.0,0.0
2022-11-21,92.44192074146804,92.58932617584013,91.15459544247899,91.77368927001953,1744800.0,0.0,0.0
2022-11-22,92.92345469067232,94.69230522304935,92.46158774625425,94.6038589477539,1567600.0,0.0,0.0
2022-11-23,94.36799175251218,96.19580102553661,92.7809449231272,94.94778442382812,1135900.0,0.0,0.0
2022-11-24,94.36799175251218,96.19580102553661,92.7809449231272,94.94778442382812,1135900.0,0.0,0.0
2022-11-25,94.92813383134661,95.76342130735443,94.33851958342062,95.47844696044922,631700.0,0.0,0.0
2022-11-28,94.40730833515481,94.91830535369505,92.74655490453313,93.16911315917969,1590100.0,0.0,0.0
2022-11-29,93.0512023519044,93.46393161157616,91.70491024600067,92.79570007324219,1436200.0,0.0,0.0
2022-11-30,92.51072349973964,95.26226704976092,92.13730283828299,94.45645904541016,3361800.0,0.0,0.0
2022-12-01,95.32121874548754,96.08771806778208,92.25521395895694,92.83500671386719,1748600.0,0.0,0.0
2022-12-02,91.38061493091918,91.87196140382045,89.46436668554512,90.44705963134766,1848700.0,0.0,0.0
2022-12-05,89.43489034548398,90.0245046349129,88.24583273755246,88.50132751464844,2397000.0,0.0,0.0
2022-12-06,88.3047941674303,89.30713773526546,88.24583498619079,89.20886993408203,1237500.0,0.0,0.0
2022-12-07,89.3071413208914,91.58698888770346,89.02215943787077,90.37828063964844,1237200.0,0.0,0.0
2022-12-08,90.73204818968718,91.37571091717302,89.35627646443463,89.82797241210938,1002400.0,0.0,0.0
2022-12-09,89.77882929216167,90.27017577143255,88.13773385076152,88.1672134399414,1384600.0,0.0,0.0
2022-12-12,88.4227263933609,89.34645278781304,87.52847209429777,89.30714416503906,1554100.0,0.0,0.0
2022-12-13,90.38809910468345,91.10546074589524,88.82561344555484,89.267822265625,1629900.0,0.0,0.0
2022-12-14,89.95571711676894,90.69273685855192,88.3244431562267,89.27765655517578,2561600.0,0.0,0.0
2022-12-15,89.2383499620215,89.27765858215803,87.88223630539815,88.1475601196289,2245100.0,0.0,0.0
2022-12-16,86.62438517066256,87.06659399987863,84.44280561884517,86.67351531982422,3911700.0,0.0,0.0
2022-12-19,86.85039907426344,87.1353809256798,85.49428552023068,86.21165466308594,1238100.0,0.0,0.0
2022-12-20,86.47698111576675,86.59490697088054,85.6171247694452,86.04459381103516,1306600.0,0.0,0.0
2022-12-21,86.46713790332028,88.6094085203597,85.20929231117807,88.0984115600586,1409500.0,0.0,0.0
2022-12-22,87.58741572461719,87.82817818484189,85.03241567689216,85.81857299804688,1548300.0,0.0,0.0
2022-12-23,86.0052842216196,86.70300281814154,85.62203456851728,86.51628875732422,600700.0,0.0,0.0
2022-12-26,86.0052842216196,86.70300281814154,85.62203456851728,86.51628875732422,600700.0,0.0,0.0
2022-12-27,86.90936442889893,87.37123130185812,85.75960801206469,86.12320709228516,634400.0,0.0,0.0
2022-12-28,86.4278431809796,86.8110928371342,84.92432414570345,85.11103820800781,752000.0,0.0,0.0
2022-12-29,85.6515142584714,86.17234028066731,84.78673973345028,85.26825714111328,870800.0,0.0,0.0
2022-12-30,85.10120618564241,85.10120618564241,83.64682484866341,84.71795654296875,1343300.0,0.0,0.0
2023-01-02,85.10120618564241,85.10120618564241,83.64682484866341,84.71795654296875,1343300.0,0.0,0.0
2023-01-03,84.51160457774829,84.62953044597369,79.3917745489415,80.49239349365234,4030600.0,0.0,0.0
2023-01-04,80.53168472165844,82.29070601206521,79.88311126951169,81.96642303466797,2612200.0,0.0,0.0
2023-01-05,81.48489448864503,82.46758740094616,80.46781122303636,80.98372650146484,1906300.0,0.0,0.0
2023-01-06,82.17278119113469,83.68612912355805,81.64212613711467,82.05485534667969,1914100.0,0.0,0.0
2023-01-09,82.39880579455763,83.7352688620844,82.133481985827,82.54621124267578,1301500.0,0.0,0.0
2023-01-10,81.9565817602765,82.04502051434739,80.16808114800428,81.64212036132812,1376700.0,0.0,0.0
2023-01-11,81.5635147316886,82.91471753597861,81.01320907963954,82.65430450439453,1696200.0,0.0,0.0
2023-01-12,82.42827984221297,83.33236303111562,81.33749009577724,82.88031768798828,1496700.0,0.0,0.0
2023-01-13,82.35950788888249,84.22171554755828,82.00573776632015,83.68614959716797,1366200.0,0.0,0.0
2023-01-16,82.35950788888249,84.22171554755828,82.00573776632015,83.68614959716797,1366200.0,0.0,0.0
2023-01-17,82.47742206337044,83.54855381221887,81.56351729260736,81.92711639404297,2763600.0,0.0,0.0
2023-01-18,81.87797814261509,83.04738517866879,80.35480103678636,80.43341827392578,2084900.0,0.0,0.0
2023-01-19,80.18774382747799,80.37445788854396,79.35736707886643,79.4408950805664,1635500.0,0.0,0.0
2023-01-20,79.71605466570247,81.6617825048329,79.05764469234919,81.56351470947266,1795100.0,0.0,0.0
2023-01-23,81.49471939146113,82.8311822843221,81.12915602716326,82.68377685546875,1596200.0,0.0,0.0
2023-01-24,82.54621007047302,82.77223275402486,81.54386653273805,82.45777130126953,1176000.0,0.0,0.0
2023-01-25,81.9762469353589,82.11382335334655,81.06234216023952,81.95659637451172,1535200.0,0.0,0.0
2023-01-26,82.18260252783507,84.58037554463188,81.8386615206761,84.39366149902344,2161100.0,0.0,0.0
2023-01-27,84.39367622523123,85.16018310010294,83.37167455608859,85.0815658569336,1455100.0,0.0,0.0
2023-01-30,84.43297569494052,85.34688043000341,80.82649440068191,80.9738998413086,3045800.0,0.0,0.0
2023-01-31,81.445585821682,84.02024394935212,80.95423936583784,83.8826675415039,2509000.0,0.0,0.0
2023-02-01,83.9760354884863,84.3838539995546,81.4406856472524,83.93181610107422,2623400.0,0.0,0.0
2023-02-02,84.00058535376223,85.17981373603271,82.3054342453905,83.85317993164062,2389600.0,0.0,0.0
2023-02-03,82.91962585763135,83.6861326327027,81.61264997253777,81.76004791259766,1807200.0,0.0,0.0
2023-02-06,81.57334987676012,82.39880841672614,81.08200336563193,81.81902313232422,1502000.0,0.0,0.0
2023-02-07,81.88780235138353,84.77691442134616,80.90510943704273,84.44280242919922,2032900.0,0.0,0.0
2023-02-08,83.28322538592941,83.52889861715634,82.68378210194754,82.88031768798828,2005900.0,0.0,0.0
2023-02-09,83.46012178729532,83.98094790890478,82.4774287284539,82.95894622802734,1975000.0,0.0,0.0
2023-02-10,82.75256387503052,85.49427782211144,82.71325526140716,85.30756378173828,1350300.0,0.0,0.0
2023-02-13,85.38618286070178,85.78909053606539,84.45262763329342,84.89483642578125,1173500.0,0.0,0.0
2023-02-14,84.43297260430873,86.08586129091302,83.67630236623913,84.57054901123047,2383100.0,0.0,0.0
2023-02-15,83.0375473799049,84.98819332346949,82.89997097811685,84.52141571044922,2030600.0,0.0,0.0
2023-02-16,83.52890113282658,86.39836276061325,83.4552021601797,84.14799499511719,3037600.0,0.0,0.0
2023-02-17,83.7254295484613,84.55089545811487,80.48254757496586,83.08668518066406,3570700.0,0.0,0.0
2023-02-20,83.7254295484613,84.55089545811487,80.48254757496586,83.08668518066406,3570700.0,0.0,0.0
2023-02-21,80.19757931938848,81.57335107014494,78.5171751264288,78.97904205322266,5056000.0,0.0,0.0
2023-02-22,77.93736727010251,77.93736727010251,75.0777349849208,76.45350646972656,3341000.0,0.0,0.0
2023-02-23,76.65005136984323,78.07004240622379,76.65005136984323,77.84893798828125,1584900.0,0.0,0.0
2023-02-24,76.65760658247244,78.31442887619116,76.41105569069369,78.17635345458984,1529100.0,0.282,0.0
2023-02-27,78.32428176468606,78.99490045935491,76.91894626295078,77.28877258300781,1326200.0,0.0,0.0
2023-02-28,76.73649347827147,76.91401041282485,73.37354338785016,73.85678100585938,3584800.0,0.0,0.0
2023-03-01,73.10726041245918,74.34987888954821,71.8252004178686,73.32422637939453,2594400.0,0.0,0.0
2023-03-02,73.10726979379339,75.67140516028245,72.97906603512347,75.12899017333984,1949900.0,0.0,0.0
2023-03-03,75.17829826852527,78.10731642713063,74.9514681464098,77.8903579711914,2304600.0,0.0,0.0
2023-03-06,77.27890528039543,77.79172777928072,76.28283765902229,77.71283721923828,2295000.0,0.0,0.0
2023-03-07,77.97911266979831,77.97911266979831,76.25325649553707,76.82525634765625,2203900.0,0.0,0.0
2023-03-08,76.6773198534007,77.36765927329485,76.0362860925645,76.99290466308594,1261600.0,0.0,0.0
2023-03-09,76.96331788891281,79.08365680429772,76.33214828491013,77.55503845214844,3110500.0,0.0,0.0
2023-03-10,78.09746047852072,78.67931695358494,76.17435906748591,76.48008728027344,2895700.0,0.0,0.0
2023-03-13,75.86864023024857,77.52053420417636,75.43470825579054,76.03629302978516,2242400.0,0.0,0.0
2023-03-14,76.43077531115016,78.00869949016607,76.10532633306488,76.85484313964844,2142800.0,0.0,0.0
2023-03-15,76.22366588812976,76.80552231460005,75.29663223333544,76.26311492919922,1957000.0,0.0,0.0
2023-03-16,75.56292756931882,77.94953863435244,74.9810634940455,77.34795379638672,1962900.0,0.0,0.0
2023-03-17,76.64773614415473,77.37752461711652,74.93667249382698,75.7108383178711,3896500.0,0.0,0.0
2023-03-20,75.99684528300732,77.3479468930239,75.84892076567456,75.93767547607422,1629500.0,0.0,0.0
2023-03-21,76.50966760699013,77.03235424631788,74.92187940593675,75.46428680419922,2045700.0,0.0,0.0
2023-03-22,75.21774761209379,75.27692494635592,73.37355163790602,73.39327239990234,1863400.0,0.0,0.0
2023-03-23,73.6398195977768,74.09347234220391,71.76603128878749,72.38734436035156,1655400.0,0.0,0.0
2023-03-24,71.55893196203267,72.505686530401,70.17825291908085,72.42679595947266,2777200.0,0.0,0.0
2023-03-27,72.42679755608945,74.38441237873806,72.42679755608945,74.2315444946289,3225500.0,0.0,0.0
2023-03-28,74.03429923707782,75.75029128505795,73.82127590222849,74.46823120117188,1752200.0,0.0,0.0
2023-03-29,75.23746931827765,75.50374096469223,74.38440535898111,74.83312225341797,2299500.0,0.0,0.0
2023-03-30,75.631950974163,76.37160362020329,74.95146813208248,75.7601547241211,1737800.0,0.0,0.0
2023-03-31,75.76016963334979,77.51561105488592,75.67141490994365,77.4169921875,2984400.0,0.0,0.0
2023-04-03,76.92387782334636,77.46629279201157,75.42485171997282,75.56291961669922,1894900.0,0.0,0.0
2023-04-04,75.61222522580972,75.90808930380223,74.0836142205446,74.97119140625,1316200.0,0.0,0.0
2023-04-05,74.83312353196027,76.05602136550065,74.63588582933043,75.44457244873047,1204800.0,0.0,0.0
2023-04-06,75.55306173592506,75.91795979273563,75.10927310597266,75.89823150634766,1223000.0,0.0,0.0
2023-04-07,75.55306173592506,75.91795979273563,75.10927310597266,75.89823150634766,1223000.0,0.0,0.0
2023-04-10,75.47414915608041,76.30256397026868,74.81339464747118,76.26311492919922,1485500.0,0.0,0.0
2023-04-11,76.68719608002914,76.73650174685719,76.11026786159884,76.35188293457031,1371500.0,0.0,0.0
2023-04-12,76.85484056740324,76.8745613271714,75.60236540839155,75.75028991699219,1171100.0,0.0,0.0
2023-04-13,75.63195602132099,76.51953323649151,75.11912593899424,76.07574462890625,1324700.0,0.0,0.0
2023-04-14,75.26705107032416,75.57770758158472,74.45836449858966,75.37553405761719,1328400.0,0.0,0.0
2023-04-17,75.5234693289632,75.76508438219179,73.62996032717568,74.00471496582031,1093300.0,0.0,0.0
2023-04-18,74.30057414088401,74.90215892690047,73.14671775752898,73.45244598388672,1235200.0,0.0,0.0
2023-04-19,73.93567782756016,74.35974563483731,73.47511796256057,73.71871185302734,1039300.0,0.0,0.0
2023-04-20,73.7088576843877,75.51361214495432,73.65955201704524,75.41499328613281,1926900.0,0.0,0.0
2023-04-21,75.7601605172963,75.90315672917887,74.91202481638459,75.49388885498047,1178900.0,0.0,0.0
2023-04-24,75.37552778588602,76.26804067824126,74.55697714046933,76.22366333007812,1094300.0,0.0,0.0
2023-04-25,75.58263716130085,76.07573892123844,74.79367133574644,75.86863708496094,1722400.0,0.0,0.0
2023-04-26,75.4544340668607,75.90808678704174,74.41891735235593,74.81340026855469,3100600.0,0.0,0.0
2023-04-27,75.21774293840195,76.17436160472015,74.93175052447435,75.69112396240234,1865700.0,0.0,0.0
2023-04-28,75.83905914450754,76.4011949014695,75.24733848309546,76.33216094970703,2233400.0,0.0,0.0
2023-05-01,76.45050126315475,76.57871254912057,75.70099192980975,75.98699188232422,1788300.0,0.0,0.0
2023-05-02,75.67139812964584,76.33215267115875,74.90215307668797,75.7305679321289,2554000.0,0.0,0.0
2023-05-03,76.13490490462341,76.52938779760737,75.09939577519283,75.45442962646484,1607000.0,0.0,0.0
2023-05-04,75.91795643105124,79.26118603278702,73.87651528022022,77.5057373046875,3830400.0,0.0,0.0
2023-05-05,78.02841249001591,79.3400572394336,77.19999775572285,78.39330291748047,2359300.0,0.0,0.0
2023-05-08,78.63986524781754,78.74834823511335,77.00277134486021,77.62407684326172,2360100.0,0.0,0.0
2023-05-09,76.90415247219798,78.00869558007727,76.73649215835006,77.86076354980469,3158300.0,0.0,0.0
2023-05-10,78.74835754404441,79.01463673493338,77.65860675757334,78.35881042480469,1629400.0,0.0,0.0
2023-05-11,77.77190303856867,78.73192898824998,77.43539559443191,78.30635070800781,2497400.0,0.282,0.0
2023-05-12,78.63295870203991,79.56329446030391,78.04902969695851,79.02884674072266,1991000.0,0.0,0.0
2023-05-15,79.80080982884814,80.25607834815708,78.36572444300336,79.44451141357422,2048300.0,0.0,0.0
2023-05-16,79.36534867975035,79.36534867975035,77.52447584659433,78.18758392333984,3709100.0,0.0,0.0
2023-05-17,78.27665172925252,79.80081560469971,77.90056228632481,79.56328582763672,2329500.0,0.0,0.0
2023-05-18,79.44452016145468,80.63218419345677,78.74380087438225,80.56290435791016,2849300.0,0.0,0.0
2023-05-19,80.88952103716099,82.37904143347815,80.69157323554865,81.45365905761719,2407100.0,0.0,0.0
2023-05-22,81.87922914573423,83.09657591156153,81.46354257968353,82.6709976196289,1908300.0,0.0,0.0
2023-05-23,82.50275097898555,83.69040751295243,82.30975660344252,83.1757583618164,2232200.0,0.0,0.0
2023-05-24,83.17575085244732,83.50235901262863,81.70107581987392,82.45325469970703,2430300.0,0.0,0.0
2023-05-25,82.3443789424282,82.3443789424282,81.0577525048203,81.89900970458984,1863100.0,0.0,0.0
2023-05-26,82.09695533059204,83.08667152529928,81.46353757005423,82.98770141601562,2267100.0,0.0,0.0
2023-05-29,82.09695533059204,83.08667152529928,81.46353757005423,82.98770141601562,2267100.0,0.0,0.0
2023-05-30,82.99759924066458,84.17041049458186,82.28005652223813,82.83924102783203,2198200.0,0.0,0.0
2023-05-31,82.67099362607263,83.68050838651202,81.60209830946694,83.15595245361328,5214700.0,0.0,0.0
2023-06-01,84.00216224841904,88.2450781234888,83.91803727775819,87.96597290039062,3646900.0,0.0,0.0
2023-06-02,87.74824781527194,88.13423655514497,86.37253525792995,86.63976287841797,3225600.0,0.0,0.0
2023-06-05,86.91687888945427,87.8966958414594,86.28346110725543,86.61006927490234,1819000.0,0.0,0.0
2023-06-06,86.243869672197,88.96558924139308,86.243869672197,88.62908935546875,2311500.0,0.0,0.0
2023-06-07,88.62909212726879,89.9454089850085,88.21340556862586,89.87612915039062,2452100.0,0.0,0.0
2023-06-08,90.54913950531535,91.51708642794799,90.12356120681471,91.35081481933594,3075700.0,0.0,0.0
2023-06-09,91.35080294549485,92.80567933174447,91.14295591080997,92.33061981201172,2530100.0,0.0,0.0
2023-06-12,92.0436015625,93.05310870883862,91.92483290666341,92.785888671875,1720700.0,0.0,0.0
2023-06-13,92.99372787243348,94.34964170642148,92.62753018125674,93.28074645996094,2429900.0,0.0,0.0
2023-06-14,93.55787098639009,94.02303880758781,91.81596836369287,92.24154663085938,2573200.0,0.0,0.0
2023-06-15,92.75621446515763,92.78590474652671,92.0040279497503,92.49888610839844,3712300.0,0.0,0.0
2023-06-16,92.62753648592876,93.54797286342992,91.78627921746619,91.93473815917969,4963400.0,0.0,0.0
2023-06-19,92.62753648592876,93.54797286342992,91.78627921746619,91.93473815917969,4963400.0,0.0,0.0
2023-06-20,92.17227467630312,92.39991274370333,90.9450286001931,91.04399871826172,1846900.0,0.0,0.0
2023-06-21,89.94540247417027,90.09881482273083,88.26783387434479,89.5693130493164,2684900.0,0.0,0.0
2023-06-22,89.56931379729626,89.75240887328982,86.96140956307998,88.33216857910156,3205600.0,0.0,0.0
2023-06-23,88.71815874962529,89.76725549569683,88.20350965276056,89.43075561523438,2875900.0,0.0,0.0
2023-06-26,89.3218857266003,90.26211308229568,88.76764707911126,89.6979751586914,1890400.0,0.0,0.0
2023-06-27,90.03448674467333,90.079022162845,89.0546697902186,89.91571807861328,1472800.0,0.0,0.0
2023-06-28,89.96520409145845,89.96520409145845,88.78743939714249,89.61880493164062,1605400.0,0.0,0.0
2023-06-29,89.57921791126417,90.40563005553855,89.2130201885644,89.93551635742188,1738700.0,0.0,0.0
2023-06-30,91.10337860441238,91.34090837651844,90.10376313501874,90.6085205078125,2666400.0,0.0,0.0
2023-07-03,90.0740758120488,90.79656442826047,89.40106847655908,90.65800476074219,1089100.0,0.0,0.0
2023-07-04,90.0740758120488,90.79656442826047,89.40106847655908,90.65800476074219,1089100.0,0.0,0.0
2023-07-05,90.47986216363552,92.25145524341652,90.41058232480323,91.19245910644531,2087300.0,0.0,0.0
2023-07-06,90.5293386421847,90.5293386421847,88.92599573970969,90.06417083740234,2263300.0,0.0,0.0
2023-07-07,90.06417704873006,90.76687466684413,89.72767715453554,90.39078521728516,1334000.0,0.0,0.0
2023-07-10,90.44027216320974,92.66713382312963,90.44027216320974,92.63744354248047,1539300.0,0.0,0.0
2023-07-11,92.87496887302295,93.45890538447871,91.90505118075068,93.3896255493164,1260900.0,0.0,0.0
2023-07-12,93.96366615235517,95.17112122355516,93.11250954645801,95.0721435546875,1532600.0,0.0,0.0
2023-07-13,94.8643052066993,95.08204399938444,93.90427919400722,94.29026794433594,1462400.0,0.0,0.0
2023-07-14,93.9141637627979,94.5525349005493,93.72512610774352,94.02303314208984,1259900.0,0.0,0.0
2023-07-17,93.49848894444135,95.9232905705573,93.49848894444135,95.19090270996094,1951400.0,0.0,0.0
2023-07-18,95.01276261591987,95.65607970631902,92.92446066684926,94.38924407958984,1925300.0,0.0,0.0
2023-07-19,93.85478370279843,94.55748125858972,92.964037663438,93.75581359863281,1785300.0,0.0,0.0
2023-07-20,94.51790309212141,96.31918638827939,94.26057474954575,95.89360809326172,1600300.0,0.0,0.0
2023-07-21,96.57650783221965,97.14064575964932,95.31956403979555,95.60658264160156,5081100.0,0.0,0.0
2023-07-24,95.60657966617313,95.81441915392259,94.77522171517536,95.55709838867188,1077800.0,0.0,0.0
2023-07-25,94.96326623162362,97.15054567526816,94.91378495225675,96.51712036132812,854800.0,0.0,0.0
2023-07-26,95.67585836167626,97.22971241438205,95.67585836167626,96.3389663696289,1243000.0,0.0,0.0
2023-07-27,96.72497032539961,96.74476132755625,94.22098192472403,94.438720703125,897900.0,0.0,0.0
2023-07-28,95.27008113914009,95.66596911940765,94.28036496393878,94.75542449951172,1135900.0,0.0,0.0
2023-07-31,94.85439924815014,95.6956640789832,94.41892924438957,95.65607452392578,1170200.0,0.0,0.0
2023-08-01,95.25028901486776,96.09154631037224,95.082039065954,95.30967712402344,1469600.0,0.0,0.0
2023-08-02,95.00286045603343,95.03750414913515,93.45890552667538,94.56739044189453,2040300.0,0.0,0.0
2023-08-03,94.98306093558243,102.50885891965808,94.77522144841798,100.09989166259766,3511000.0,0.0,0.0
2023-08-04,100.87187796367058,103.62824133278092,100.7432175700484,102.87110900878906,2723600.0,0.0,0.0
2023-08-07,103.50451829171661,103.57379812119159,101.71808031282433,102.68305206298828,1759800.0,0.0,0.0
2023-08-08,101.90118134506655,103.8509235112079,101.90118134506655,103.7321548461914,1207300.0,0.0,0.0
2023-08-09,103.54411677440925,104.81095236602796,103.23532125716414,104.0290756225586,1646700.0,0.0,0.0
2023-08-10,104.88022628971893,105.75117382213037,104.0290697587766,104.63279724121094,1563700.0,0.0,0.0
2023-08-11,104.63478902595726,105.90203738708287,104.18822099720651,105.74623107910156,1414100.0,0.282,0.0
2023-08-14,105.64698429699882,106.77827772788842,104.90568735871777,106.182861328125,2404000.0,0.0,0.0
2023-08-15,105.57752879681459,105.77103933364873,104.81341240219881,105.42867279052734,1709600.0,0.0,0.0
2023-08-16,105.5874538241579,105.63706744515882,104.1981437269063,104.29737854003906,1835200.0,0.0,0.0
2023-08-17,104.67447937305526,105.3343942744322,103.77142517768762,104.01951599121094,1800600.0,0.0,0.0
2023-08-18,103.73173696092708,104.73402603725857,103.7118930257612,103.96990203857422,1660800.0,0.0,0.0
2023-08-21,103.80118917749562,105.64301806236983,103.48363325642735,105.2996597290039,1377000.0,0.0,0.0
2023-08-22,104.85310802006818,105.73134407350598,104.70425201352805,105.44852447509766,1276900.0,0.0,0.0
2023-08-23,106.13325821470244,108.425622722321,106.13325821470244,107.61188507080078,1393500.0,0.0,0.0
2023-08-24,108.06836005553043,109.4080489364444,106.02408660050321,106.10347747802734,1498700.0,0.0,0.0
2023-08-25,106.00425031112029,106.61951829960586,104.76379615209149,105.06150817871094,1383800.0,0.0,0.0
2023-08-28,105.49318013187643,106.53019795566229,104.42639262069095,104.56532287597656,1088000.0,0.0,0.0
2023-08-29,104.42639384627027,105.3592102039742,103.9996773225618,104.73402404785156,1131500.0,0.0,0.0
2023-08-30,104.53554067525887,105.4564551604214,104.28744986381639,104.93248748779297,1167400.0,0.0,0.0
2023-08-31,105.14088659876498,105.27981685242145,102.97753434323135,103.36456298828125,2035500.0,0.0,0.0
2023-09-01,104.82333066769563,106.58974366798414,104.3966141539338,106.47065734863281,1338800.0,0.0,0.0
2023-09-04,104.82333066769563,106.58974366798414,104.3966141539338,106.47065734863281,1338800.0,0.0,0.0
2023-09-05,105.73630153193979,105.91492721001379,104.34798336178633,105.24011993408203,1433200.0,0.0,0.0
2023-09-06,105.51798474866193,106.96683416534135,105.18057731128143,105.82561492919922,1337800.0,0.0,0.0
2023-09-07,107.03629805085549,110.10766344351568,106.3614907550313,107.71110534667969,1951100.0,0.0,0.0
2023-09-08,107.40347589335688,108.82255561746926,107.40347589335688,107.81034088134766,1428100.0,0.0,0.0
2023-09-11,107.96912488988578,109.55392912511127,107.82026888779919,109.1401138305664,1820700.0,0.0,0.0
2023-09-12,108.70346826654033,109.2542301576975,107.3240839933954,107.6714096069336,1557100.0,0.0,0.0
2023-09-13,107.94927573187867,109.24926919802715,107.68134097920239,108.43553161621094,1894600.0,0.0,0.0
2023-09-14,108.92179557715791,111.75995515959501,108.68858960100049,111.6011734008789,2308300.0,0.0,0.0
2023-09-15,111.60117005673575,111.81949118286289,108.96148775179219,109.09049224853516,4287700.0,0.0,0.0
2023-09-18,109.58667979654942,111.39278070423157,109.56683586179737,109.8943099975586,1358500.0,0.0,0.0
2023-09-19,110.24163419476085,110.52942045724727,109.45767385866291,109.69583892822266,1972100.0,0.0,0.0
2023-09-20,110.08286464073495,110.33095547355269,109.07065737413636,109.28897094726562,924500.0,0.0,0.0
2023-09-21,108.79278794293698,109.79507701510431,108.67370919017381,109.10042572021484,1443800.0,0.0,0.0
2023-09-22,108.624083450058,109.89430723391732,107.78553526916296,109.5172119140625,1210500.0,0.0,0.0
2023-09-25,108.8820908863099,112.05765007951081,108.65881068182598,111.35307312011719,2115200.0,0.0,0.0
2023-09-26,110.80728093039602,110.8618536392851,107.10576278345265,107.66148376464844,2309700.0,0.0,0.0
2023-09-27,108.14775612431055,110.44011293215841,108.14775612431055,109.90423583984375,2819500.0,0.0,0.0
2023-09-28,109.92406919163912,110.1324721278623,108.00384880739642,108.48514556884766,1550700.0,0.0,0.0
2023-09-29,109.19966190827179,109.86454352331425,107.81035172992675,108.24699401855469,2867500.0,0.0,0.0
2023-10-02,107.47295068095863,107.47295068095863,101.97525697468618,103.93021392822266,2892500.0,0.0,0.0
2023-10-03,102.4218110504912,104.11875131480635,101.6229583241694,104.08898162841797,2557000.0,0.0,0.0
2023-10-04,103.8408850019776,105.78591597217886,103.42905336401552,105.34928131103516,1973900.0,0.0,0.0
2023-10-05,106.1630238460101,107.67141265513474,105.79584671780027,107.05614471435547,1589200.0,0.0,0.0
2023-10-06,105.73630888483856,109.73553163029702,104.32714729487044,109.32865905761719,2095800.0,0.0,0.0
2023-10-09,109.32865274348535,110.63559642016563,109.13018313045517,110.52941131591797,1258400.0,0.0,0.0
2023-10-10,110.11262488330094,112.62330268465747,110.11262488330094,112.13704681396484,1464400.0,0.0,0.0
2023-10-11,113.04010852754396,114.2984229663665,112.4446844833153,114.19124603271484,1353300.0,0.0,0.0
2023-10-12,114.03246140677615,115.27291543354312,113.58589341446172,114.83627319335938,1299700.0,0.0,0.0
2023-10-13,115.87825815527262,116.49352612128122,112.12712612678688,112.82178497314453,1699400.0,0.0,0.0
2023-10-16,113.89353164669704,116.22559143888365,113.73475745702771,115.93780517578125,1701700.0,0.0,0.0
2023-10-17,115.16375777810036,117.08893732782985,114.82635033732195,116.25535583496094,1214600.0,0.0,0.0
2023-10-18,116.43398118622093,117.73893370315874,114.92558481614734,115.18360137939453,1050700.0,0.0,0.0
2023-10-19,115.11413845151397,115.71948064733739,113.23857249105477,113.41719818115234,981000.0,0.0,0.0
2023-10-20,113.23857940124118,113.91338676377423,111.06530130095523,111.24392700195312,1654400.0,0.0,0.0
2023-10-23,110.97598471459715,112.16681759311997,109.55591313780546,111.25384521484375,950800.0,0.0,0.0
2023-10-24,112.39506505424448,114.41948701510253,112.39506505424448,113.39734649658203,1930900.0,0.0,0.0
2023-10-25,113.35766520821464,113.39735307836075,110.81720996438091,111.1744613647461,1575000.0,0.0,0.0
2023-10-26,111.14468911029836,112.16682209341387,110.29125607036808,111.85919189453125,1652700.0,0.0,0.0
2023-10-27,112.1370534862022,112.49430488176024,109.05377845592942,109.93400573730469,1128700.0,0.0,0.0
2023-10-30,111.00575352832301,112.36529390370664,110.6534612439812,112.16681671142578,1271600.0,0.0,0.0
2023-10-31,112.25614016821955,112.64316125279265,110.3210271742228,112.05766296386719,1942000.0,0.0,0.0
2023-11-01,112.72253585752372,114.49886695084751,111.9683452526266,113.97291564941406,2751300.0,0.0,0.0
2023-11-02,114.03246457833613,116.99962857297125,113.50650569660891,116.29505157470703,1894600.0,0.0,0.0
2023-11-03,117.74390782614745,117.763751760979,115.95765084606028,116.17597198486328,1853200.0,0.0,0.0
2023-11-06,118.08130285394321,124.66464342297813,117.15840471408907,123.77747344970703,2530800.0,0.0,0.0
2023-11-07,123.4896818386278,124.0196004076105,117.75382362358867,118.95458221435547,2271500.0,0.0,0.0
2023-11-08,119.5003870365078,120.55229728523236,118.05649661470325,120.25458526611328,1730200.0,0.0,0.0
2023-11-09,120.66144621079317,123.40533761427331,119.59961781609682,119.70877838134766,1603200.0,0.0,0.0
2023-11-10,120.52250907742429,121.78777368703938,120.44907668306192,120.8400650024414,1219700.0,0.0,0.0
2023-11-13,120.45304362164808,121.30250931500196,119.98663927301727,120.79045104980469,891600.0,0.0,0.0
2023-11-14,123.10267147740171,125.74235394165657,122.43778230648755,125.55380249023438,1433300.0,0.0,0.0
2023-11-15,125.61335473120451,126.268310605587,120.76069855264704,121.05840301513672,1982200.0,0.0,0.0
2023-11-16,122.34349476063063,123.16906650590668,120.86144967250512,121.02059173583984,1474500.0,0.282,0.0
2023-11-17,121.54776163787055,122.86071591180979,120.95096562038418,121.04048919677734,1487900.0,0.0,0.0
2023-11-20,121.79643304582697,122.1942996058852,120.83161669267805,121.6273422241211,1041600.0,0.0,0.0
2023-11-21,122.24403505543398,122.522539369241,121.19963628998428,121.85611724853516,984700.0,0.0,0.0
2023-11-22,122.24403270038552,123.17901036605753,121.32396677765867,122.5921630859375,1376700.0,0.0,0.0
2023-11-23,122.24403270038552,123.17901036605753,121.32396677765867,122.5921630859375,1376700.0,0.0,0.0
2023-11-24,122.41312918833144,123.63656755842779,122.39323927480994,123.19891357421875,532500.0,0.0,0.0
2023-11-27,123.26853570860345,124.71079343596257,122.71152708374862,124.43228912353516,1073200.0,0.0,0.0
2023-11-28,124.3129288688897,125.82481260624905,123.09943934340065,123.78575134277344,2003000.0,0.0,0.0
2023-11-29,122.89056572513647,123.27848352718036,119.12079360774668,119.93641662597656,2078800.0,0.0,0.0
2023-11-30,119.94635633324516,121.20958205374781,119.87175967555427,120.39395904541016,2650000.0,0.0,0.0
2023-12-01,119.97620624379876,120.29449797410855,119.01138230198275,119.24015045166016,1454900.0,0.0,0.0
2023-12-04,118.3648455175895,118.91191296511485,117.4199191140528,118.28527069091797,1946900.0,0.0,0.0
2023-12-05,118.07142380219256,118.30517011642188,115.26647562011404,117.67852783203125,1805900.0,0.0,0.0
2023-12-06,118.70302384188608,119.03126430125933,111.62103141617256,112.02883911132812,2629800.0,0.0,0.0
2023-12-07,112.6554802634687,112.83451982240106,108.86581086417928,109.94004821777344,3497000.0,0.0,0.0
2023-12-08,109.40293499931438,111.01429111009948,109.06475336483227,110.61642456054688,2627300.0,0.0,0.0
2023-12-11,110.95461347885238,115.67926071870957,110.07930555450693,115.53005981445312,2582900.0,0.0,0.0
2023-12-12,115.54000611483613,115.77872300338014,113.24233045082848,113.87891387939453,1846200.0,0.0,0.0
2023-12-13,113.97838015903253,116.12685495101049,112.92404026408398,115.80856323242188,1731100.0,0.0,0.0
2023-12-14,116.01744408556989,117.18119749654495,114.75422593316227,114.98299407958984,2456400.0,0.0,0.0
2023-12-15,115.05261787701203,120.22486780439357,114.99294055107,118.11618041992188,5714900.0,0.0,0.0
2023-12-18,118.93180150490593,120.89128795420821,118.27532816412474,118.7229232788086,2019800.0,0.0,0.0
2023-12-19,119.13073402578162,120.40390850435784,118.61848340349525,120.1651840209961,1012700.0,0.0,0.0
2023-12-20,119.19041562708831,119.48383925913828,116.37551877893176,116.38546752929688,1324300.0,0.0,0.0
2023-12-21,116.86290481706298,117.79789007398024,116.18653395669857,117.67852783203125,904600.0,0.0,0.0
2023-12-22,114.38619891305771,117.35029679782107,113.41142622678232,114.71443939208984,1188400.0,0.0,0.0
2023-12-25,114.38619891305771,117.35029679782107,113.41142622678232,114.71443939208984,1188400.0,0.0,0.0
2023-12-26,114.97304670060377,117.21103755856835,114.97304670060377,116.9424819946289,740700.0,0.0,0.0
2023-12-27,116.65402177691708,117.13146313636062,116.25615524215962,116.79327392578125,541300.0,0.0,0.0
2023-12-28,118.07639824317457,118.14602432275261,116.32578991406062,116.48493957519531,559700.0,0.0,0.0
2023-12-29,116.10696358888487,116.64407469149961,115.31123050801261,116.26610565185547,849900.0,0.0,0.0
2024-01-01,116.10696358888487,116.64407469149961,115.31123050801261,116.26610565185547,849900.0,0.0,0.0
2024-01-02,115.77872831643147,116.6043000968447,114.35636049293491,114.6348648071289,1362800.0,0.0,0.0
2024-01-03,114.88352854858884,116.54063677918238,114.88352854858884,115.23165893554688,1372400.0,0.0,0.0
2024-01-04,115.58973964497434,116.48394338502068,114.38619881159747,114.74427795410156,1348900.0,0.0,0.0
2024-01-05,114.49560952356163,117.03399035562715,114.49560952356163,115.61957550048828,1729900.0,0.0,0.0
2024-01-08,115.56984445890129,116.53466834947774,114.41603225488363,116.40535736083984,1351700.0,0.0,0.0
2024-01-09,115.81851940739726,116.30590197270708,114.5552936139118,115.86824798583984,1514000.0,0.0,0.0
2024-01-10,115.40074975368745,115.8085650560335,114.35138042313827,115.23165893554688,1090500.0,0.0,0.0
2024-01-11,114.38619120852687,114.67464425351955,110.88498243402977,112.3073501586914,1609300.0,0.0,0.0
2024-01-12,113.33185135271924,113.8092851185415,112.13825176081784,112.3073501586914,1556900.0,0.0,0.0
2024-01-15,113.33185135271924,113.8092851185415,112.13825176081784,112.3073501586914,1556900.0,0.0,0.0
2024-01-16,111.77023488428367,112.2327493333006,110.70594624591526,111.21321868896484,1417000.0,0.0,0.0
2024-01-17,110.63631224783389,111.40219902712947,108.85586547774174,111.32262420654297,1484500.0,0.0,0.0
2024-01-18,110.77557360934448,111.3027435594293,109.66154879443107,110.81536102294922,1614900.0,0.0,0.0
2024-01-19,110.85513891660257,113.99827623856042,110.85513891660257,113.83912658691406,1684200.0,0.0,0.0
2024-01-22,113.84907435479167,116.74851659339623,113.7197709554497,116.58439636230469,1876700.0,0.0,0.0
2024-01-23,117.1016281358271,119.91651745188892,116.5346707723887,118.05650329589844,1929400.0,0.0,0.0
2024-01-24,118.5041003346717,118.88206938685096,114.72437945818584,115.05261993408203,1514600.0,0.0,0.0
2024-01-25,117.27072068703887,119.9463578894673,116.4153102539433,119.90657806396484,1425800.0,0.0,0.0
2024-01-26,119.42913439273465,121.75664875101509,119.42913439273465,120.62272644042969,1558800.0,0.0,0.0
2024-01-29,120.44368772211112,121.09220814682716,119.36447973746186,120.36412048339844,1801500.0,0.0,0.0
2024-01-30,120.68240944804714,121.65717450090594,120.0557671825363,121.2294692993164,1285500.0,0.0,0.0
2024-01-31,122.12467443023343,123.51720360639938,120.71722592196387,121.34883880615234,1666100.0,0.0,0.0
2024-02-01,121.34882892109073,127.01840231882008,121.34882892109073,126.94877624511719,1937400.0,0.0,0.0
2024-02-02,126.33209152125872,132.35975168307093,125.75518542590486,129.01768493652344,3781700.0,0.0,0.0
2024-02-05,127.21734126441204,127.73456244977646,125.17828000782721,126.35198211669922,1878000.0,0.0,0.0
2024-02-06,127.07808441141292,130.79314190494668,126.51112708421974,130.31072998046875,2656900.0,0.0,0.0
2024-02-07,131.2556745546536,133.08584997311658,130.11180353510494,131.79278564453125,2087600.0,0.0,0.0
2024-02-08,131.8425428977717,133.2549620995338,129.4752408333833,130.02230834960938,1228700.0,0.0,0.0
2024-02-09,129.326035317,131.80273547396172,129.3061378153713,131.4645538330078,1245300.0,0.0,0.0
2024-02-12,131.11642727693106,131.48444757112068,127.27702156054224,127.82408142089844,1206900.0,0.0,0.0
2024-02-13,127.227294921875,128.12248517766125,126.0535927677332,127.227294921875,1503700.0,0.0,0.0
2024-02-14,127.61521029802206,128.7441468469833,127.00846552545543,127.98323059082031,1372300.0,0.0,0.0
2024-02-15,129.22657263511084,130.9174961434826,128.14239396427018,130.7981414794922,1348900.0,0.0,0.0
2024-02-16,130.55940282881136,131.95193952633386,129.79352358138757,130.45994567871094,1295700.0,0.0,0.0
2024-02-19,130.55940282881136,131.95193952633386,129.79352358138757,130.45994567871094,1295700.0,0.0,0.0
2024-02-20,130.30079402429712,131.35513389871377,128.6993867120192,131.09652709960938,2121200.0,0.0,0.0
2024-02-21,131.5839032451744,131.8733504140845,129.44538481437507,130.6986541748047,983400.0,0.0,0.0
2024-02-22,131.6933181430405,133.34446165112632,130.94732121584653,132.67803955078125,1529900.0,0.0,0.0
2024-02-23,132.77751003071947,133.43397578273044,130.6489327685114,133.27484130859375,2052200.0,0.0,0.0
2024-02-26,133.9611558510504,134.47838466880097,132.2204962468901,132.5089569091797,1494700.0,0.0,0.0
2024-02-27,134.2794586186152,155.8337965622623,134.2794586186152,154.92864990234375,4888300.0,0.0,0.0
2024-02-28,157.63410961826273,170.06739093671928,155.66468210707592,169.91819763183594,8227500.0,0.0,0.0
2024-02-29,170.26632782904852,170.39166235249365,162.4980157508127,167.5509033203125,4536900.0,0.0,0.0
2024-03-01,166.1484357936236,169.40098677988465,164.16906691206702,169.08270263671875,4554500.0,0.0,0.0
2024-03-04,172.03684800908718,176.09009502232306,168.71466342824846,175.05067443847656,3818200.0,0.0,0.0
2024-03-05,176.4431935078839,184.5894824225419,174.48370702165994,175.82650756835938,4323800.0,0.0,0.0
2024-03-06,175.82652006982062,179.8449504790393,174.07590410048587,179.01937866210938,2073600.0,0.0,0.0
2024-03-07,181.13519186707742,181.43418009453742,175.61393878963042,178.9725341796875,1967800.0,0.353,0.0
2024-03-08,178.9725274142165,179.2216817264859,167.89014847076874,169.99301147460938,3196900.0,0.0,0.0
2024-03-11,169.7338858780804,170.3816962319202,165.83710867838005,167.34201049804688,2601700.0,0.0,0.0
2024-03-12,166.0065466291836,168.48811390884646,163.64455334893236,167.80044555664062,2617000.0,0.0,0.0
2024-03-13,170.66074652667868,170.73050182774148,165.87698059660792,167.29217529296875,1639000.0,0.0,0.0
2024-03-14,167.28221701690742,167.820383658515,162.7177080363845,164.08306884765625,3012300.0,0.0,0.0
2024-03-15,163.62461953919166,167.8203850255156,162.1197329043432,164.96009826660156,4530900.0,0.0,0.0
2024-03-18,167.1227560608155,170.5012880710377,165.6278301234221,168.26885986328125,2006800.0,0.0,0.0
2024-03-19,168.42832874091673,173.42137608877206,167.69082644226157,171.82679748535156,1922200.0,0.0,0.0
2024-03-20,172.33506034226235,176.17204300009934,172.06697308878054,175.11563110351562,1969200.0,0.0,0.0
2024-03-21,176.859707177951,177.20851409765947,171.78691372329598,173.5409698486328,2212100.0,0.0,0.0
2024-03-22,174.40803921741522,177.7666348777634,173.62569093463244,177.6370849609375,1608100.0,0.0,0.0
2024-03-25,179.39112002986244,188.41050993946524,178.93266936529636,186.62655639648438,3570600.0,0.0,0.0
2024-03-26,189.2576237065394,198.1574243157937,183.85595963641023,184.78282165527344,4228700.0,0.0,0.0
2024-03-27,187.44378376637397,189.4768763689262,181.72319498498447,184.2645721435547,2452100.0,0.0,0.0
2024-03-28,184.4041000032212,186.19801420606552,182.71484156729056,184.22471618652344,2050800.0,0.0,0.0
2024-03-29,184.4041000032212,186.19801420606552,182.71484156729056,184.22471618652344,2050800.0,0.0,0.0
2024-04-01,185.4007097594907,188.17130455707297,182.7796014697312,185.3508758544922,1977500.0,0.0,0.0
2024-04-02,184.06026784928866,187.73280025108028,183.4971766286943,187.49362182617188,1875500.0,0.0,0.0
2024-04-03,187.8424165402046,192.5564271199691,186.2378621464491,189.61639404296875,2555800.0,0.0,0.0
2024-04-04,192.78564334853493,194.83867245119015,182.34109882245895,182.49058532714844,3747800.0,0.0,0.0
2024-04-05,181.70326825626572,194.19088145275128,180.80630358752845,192.42686462402344,4330700.0,0.0,0.0
2024-04-08,194.20583225807346,196.97143913455662,187.47367764748088,191.33058166503906,1663500.0,0.0,0.0
2024-04-09,191.94849231532086,194.1809052678845,184.4240288841926,187.46371459960938,1958600.0,0.0,0.0
2024-04-10,182.8792784081349,193.17433715918665,181.88266108710965,190.4336395263672,3861900.0,0.0,0.0
2024-04-11,190.9219880599841,193.62281249203326,189.35729156184556,192.22755432128906,2267300.0,0.0,0.0
2024-04-12,191.31066449726444,192.59629412914364,189.70611002844493,191.02163696289062,1801400.0,0.0,0.0
2024-04-15,193.4334492275314,195.33699193127717,184.15494454394346,184.77284240722656,2531500.0,0.0,0.0
2024-04-16,184.40410053899217,187.63811885918975,182.49059711945645,186.01861572265625,2982700.0,0.0,0.0
2024-04-17,187.28432227578006,188.40052879194906,182.01222341940334,184.77284240722656,3282900.0,0.0,0.0
2024-04-18,185.5003778352169,187.63114605089365,182.47065281017143,183.23805236816406,1654200.0,0.0,0.0
2024-04-19,182.67994595719773,185.3309515062968,177.04904933985515,180.28805541992188,3413600.0,0.0,0.0
2024-04-22,180.98570459511643,183.22809348086838,177.60717261553705,182.6002197265625,2327500.0,0.0,0.0
2024-04-23,183.34768416884677,189.1081308919595,183.34768416884677,187.6132049560547,2387300.0,0.0,0.0
2024-04-24,186.09835267551904,193.7125085871922,183.02578882030613,185.53028869628906,2266400.0,0.0,0.0
2024-04-25,184.97217210622534,189.88449950054857,184.77782443838504,187.37400817871094,2908900.0,0.0,0.0
2024-04-26,186.28270815020193,188.7393812494445,185.00206653069483,187.7327880859375,1826600.0,0.0,0.0
2024-04-29,187.79258584603494,189.7758596980491,185.51033897723158,187.97198486328125,2205500.0,0.0,0.0
2024-04-30,187.97198621624716,188.75930717808026,185.08180218054844,185.31101989746094,2173200.0,0.0,0.0
2024-05-01,185.619985252152,187.56837403630394,183.29786495406952,183.93569946289062,2717000.0,0.0,0.0
2024-05-02,184.37420030271707,186.54681871494924,182.97894216707928,185.55020141601562,3071000.0,0.0,0.0
2024-05-03,188.68955888146343,196.602702829582,187.36405602197905,194.2008514404297,3480200.0,0.0,0.0
2024-05-06,197.08106864703166,198.23714835051072,193.46334302630532,197.03123474121094,2708000.0,0.0,0.0
2024-05-07,198.02785251133133,204.38627568878243,196.6824282939329,199.88156127929688,2797300.0,0.0,0.0
2024-05-08,197.86838090086644,207.5654776325951,197.43984278545787,207.29638671875,3992100.0,0.0,0.0
2024-05-09,204.73508162429187,215.2194997238896,202.313308920402,215.1796417236328,4313500.0,0.0,0.0
2024-05-10,219.7740439744517,219.7740439744517,211.14333479260438,214.20294189453125,2744700.0,0.0,0.0
2024-05-13,216.26594593134908,217.93528288723067,211.87086015463575,212.8674774169922,1919300.0,0.0,0.0
2024-05-14,213.84418862170213,217.1728868670093,210.05703971167168,217.0034637451172,1951000.0,0.0,0.0
2024-05-15,219.39533612779306,223.95984527640806,219.0166166800507,222.5546112060547,2682200.0,0.0,0.0
2024-05-16,222.9731703340269,224.03955807781531,215.50851695619676,215.60816955566406,3539800.0,0.0,0.0
2024-05-17,215.62812061965423,216.97555220335195,209.1999420467733,212.3891143798828,3057300.0,0.0,0.0
2024-05-20,213.22626183742742,214.51190663151718,210.43573044048546,214.3424835205078,2326200.0,0.0,0.0
2024-05-21,215.19956141542548,221.91676733986742,214.7710232855747,221.8370361328125,1881100.0,0.0,0.0
2024-05-22,221.3487066248193,223.6459021833195,217.1230438323718,219.3654327392578,1573700.0,0.0,0.0
2024-05-23,223.0230128909754,227.27857291911175,219.99330306194665,220.41188049316406,2658300.0,0.0,0.0
2024-05-24,222.55460755636705,235.50067180021094,220.89025848479466,229.849853515625,2670600.0,0.0,0.0
2024-05-27,222.55460755636705,235.50067180021094,220.89025848479466,229.849853515625,2670600.0,0.0,0.0
2024-05-28,231.95271479798794,233.98580738937775,221.06965575745562,230.48768615722656,2602200.0,0.0,0.0
2024-05-29,226.35836881749168,228.45447058421402,218.48303853516845,220.32960510253906,3809400.0,0.353,0.0
2024-05-30,221.91664810178537,224.87113637017484,219.59097818697293,224.54176330566406,2040800.0,0.0,0.0
2024-05-31,223.64342087403935,224.06263817425912,207.61328237377734,216.84608459472656,5618300.0,0.0,0.0
2024-06-03,215.09934779042456,216.79618414686357,203.67063839010322,207.872802734375,4922600.0,0.0,0.0
2024-06-04,206.60517741774615,208.11236459927875,196.47403877981674,202.7623291015625,4666700.0,0.0,0.0
2024-06-05,204.10981344074517,212.45427096485832,204.06987928053843,208.94081115722656,4502200.0,0.0,0.0
2024-06-06,209.11049291008598,209.4199141142791,195.8452086769835,202.22332763671875,4842100.0,0.0,0.0
2024-06-07,201.70429807380336,203.6207266142874,197.15277838635123,197.6318817138672,4558700.0,0.0,0.0
2024-06-10,199.15903958935297,214.37071139772243,197.76364369759924,214.23097229003906,5719600.0,0.0,0.0
2024-06-11,210.76741320201455,219.1517897589866,210.0587265386192,217.90411376953125,3701900.0,0.0,0.0
2024-06-12,220.85861827851144,221.35768867669918,211.7555638588819,217.72445678710938,3137900.0,0.0,0.0
2024-06-13,219.90040129004336,219.95031137705314,213.7219071865719,219.52110290527344,2238200.0,0.0,0.0
2024-06-14,218.39321612964756,218.46307806776247,210.56779569639662,214.50045776367188,2373800.0,0.0,0.0
2024-06-17,213.47237538000238,214.32080118141297,208.32198024960323,211.62582397460938,3321100.0,0.0,0.0
2024-06-18,212.39437050036074,220.78873814018462,208.72621530739298,220.00021362304688,2714700.0,0.0,0.0
2024-06-19,212.39437050036074,220.78873814018462,208.72621530739298,220.00021362304688,2714700.0,0.0,0.0
2024-06-20,223.4038851214078,227.34653830511863,218.882293205378,221.8966827392578,3075100.0,0.0,0.0
2024-06-21,222.58539759172342,224.162461877647,215.33890089298885,217.72445678710938,5513400.0,0.0,0.0
2024-06-24,217.59470369635505,220.4394111900582,214.95062653285436,215.6982421875,2474100.0,0.0,0.0
2024-06-25,216.09749163535358,222.04641773695434,213.78179757835903,221.95657348632812,2305100.0,0.0,0.0
2024-06-26,220.1599255359415,221.7868846978092,207.06430776611512,209.9189910888672,4237000.0,0.0,0.0
2024-06-27,207.20405001215113,207.53343831174269,200.88581676817537,204.39927673339844,4733600.0,0.0,0.0
2024-06-28,204.86839614716916,206.914587802762,199.06920062245263,199.8976593017578,10579100.0,0.0,0.0
2024-07-01,207.80293902035854,213.19289333719598,202.7623248510379,204.6687774658203,4168400.0,0.0,0.0
2024-07-02,203.08173762471523,211.4062283953486,202.72240632085376,205.7667236328125,1905300.0,0.0,0.0
2024-07-03,204.92828344485648,212.03504100586898,201.63441578716234,209.679443359375,1612700.0,0.0,0.0
2024-07-04,204.92828344485648,212.03504100586898,201.63441578716234,209.679443359375,1612700.0,0.0,0.0
2024-07-05,209.60957604050117,212.36443927122497,207.68317153320697,210.8971710205078,1601600.0,0.0,0.0
2024-07-08,211.4361752857032,216.02761399670288,210.8572517727123,215.32891845703125,1634400.0,0.0,0.0
2024-07-09,216.63648090014271,221.95657339732938,214.6601663043074,215.55850219726562,1773200.0,0.0,0.0
2024-07-10,217.77435193598473,219.55105656791292,213.34261958765987,219.14181518554688,2584300.0,0.0,0.0
2024-07-11,219.15178802204073,220.13296211817888,214.78991767121033,216.4368438720703,2438200.0,0.0,0.0
2024-07-12,215.85792880981043,220.72886089777168,211.91229044430182,216.73629760742188,1760700.0,0.0,0.0
2024-07-15,216.5965577124547,219.24162479050784,211.2445271286107,212.48422241210938,2164300.0,0.0,0.0
2024-07-16,213.74187840693986,214.61025606213056,203.68061693381046,204.4990997314453,4049600.0,0.0,0.0
2024-07-17,201.7542001252566,202.68246373724918,185.42461640460212,186.32293701171875,6748700.0,0.0,0.0
2024-07-18,190.01605989936934,192.48146890258818,177.73894019995694,186.9318084716797,5484900.0,0.0,0.0
2024-07-19,187.6704400589117,189.58686859359102,186.0534415840103,188.94805908203125,2827000.0,0.0,0.0
2024-07-22,191.88260266317656,196.4540895880255,188.25934650061433,190.06597900390625,1868800.0,0.0,0.0
2024-07-23,189.31737316712582,191.80474455136215,187.94992507653902,189.51699829101562,1856600.0,0.0,0.0
2024-07-24,187.9399334042952,187.9399334042952,174.3752029471303,174.75450134277344,4910100.0,0.0,0.0
2024-07-25,176.3714757216096,176.51121482392352,165.56160906626187,170.11312866210938,5542000.0,0.0,0.0
2024-07-26,176.21176498932402,176.740793609875,171.1212561961006,174.7145538330078,3469300.0,0.0,0.0
2024-07-29,175.7226926401691,176.820638392877,170.80984649776912,172.35894775390625,2100100.0,0.0,0.0
2024-07-30,173.14748507680773,174.704582281487,165.4418369143109,168.37637329101562,3517100.0,0.0,0.0
2024-07-31,192.9206540412299,196.13466865958134,182.65976775930474,189.44712829589844,7483700.0,0.0,0.0
2024-08-01,187.94193388297072,193.90881638369234,176.2916222250902,177.2398681640625,4482100.0,0.0,0.0
2024-08-02,174.14562316065968,175.00402484095065,161.13785482656849,166.7693634033203,6099200.0,0.0,0.0
2024-08-05,155.9495228843624,172.43879780857353,155.31071338645617,169.65399169921875,5430800.0,0.0,0.0
2024-08-06,173.31716399683057,183.4882209564783,168.07692491492693,180.70339965820312,6322100.0,0.0,0.0
2024-08-07,189.73659052461687,189.73659052461687,176.5711102760124,179.32598876953125,6154900.0,0.0,0.0
2024-08-08,182.90931030893032,187.2811720948238,176.09200649268504,186.68228149414062,3338800.0,0.0,0.0
2024-08-09,186.7321920212644,189.74658165238853,182.72965269623856,189.51699829101562,3204000.0,0.0,0.0
2024-08-12,190.0,190.8300018310547,183.6999969482422,187.3300018310547,2232300.0,0.353,0.0
2024-08-13,189.33999633789062,190.85000610351562,187.07000732421875,189.41000366210938,2349000.0,0.0,0.0
2024-08-14,188.9600067138672,189.88999938964844,182.2100067138672,186.14999389648438,2327900.0,0.0,0.0
2024-08-15,186.39999389648438,192.5800018310547,185.49000549316406,190.38999938964844,4241900.0,0.0,0.0
2024-08-16,191.22000122070312,191.36000061035156,185.8300018310547,189.97999572753906,2572300.0,0.0,0.0
2024-08-19,189.61000061035156,192.8800048828125,185.55999755859375,192.77999877929688,2025100.0,0.0,0.0
2024-08-20,193.0,193.5,189.63900756835938,190.72000122070312,2507000.0,0.0,0.0
2024-08-21,191.47999572753906,197.3300018310547,190.97999572753906,196.74000549316406,2404200.0,0.0,0.0
2024-08-22,195.57000732421875,198.80799865722656,194.7100067138672,194.9499969482422,1520300.0,0.0,0.0
2024-08-23,195.00999450683594,197.3300018310547,192.52000427246094,194.99000549316406,2683300.0,0.0,0.0
2024-08-26,195.5,197.99000549316406,193.0800018310547,194.88999938964844,1953400.0,0.0,0.0
2024-08-27,194.88999938964844,198.3000030517578,193.57000732421875,196.13999938964844,1703200.0,0.0,0.0
2024-08-28,197.19000244140625,197.4499969482422,192.41000366210938,193.77000427246094,2493200.0,0.0,0.0
2024-08-29,195.91000366210938,199.11000061035156,192.30999755859375,194.44000244140625,2463800.0,0.0,0.0
2024-08-30,195.25999450683594,197.80999755859375,195.14999389648438,196.6999969482422,2239400.0,0.0,0.0
2024-09-02,195.25999450683594,197.80999755859375,195.14999389648438,196.6999969482422,2239400.0,0.0,0.0
2024-09-03,195.5,195.8000030517578,177.17999267578125,177.77999877929688,4252300.0,0.0,0.0
2024-09-04,177.67999267578125,182.75,176.0,177.52000427246094,3310400.0,0.0,0.0
2024-09-05,177.97000122070312,179.75,175.11000061035156,176.07000732421875,2444900.0,0.0,0.0
2024-09-06,175.80999755859375,176.63999938964844,171.94000244140625,173.11000061035156,3390300.0,0.0,0.0
2024-09-09,176.35000610351562,176.35000610351562,171.0399932861328,174.9199981689453,2184400.0,0.0,0.0
2024-09-10,176.85000610351562,181.2050018310547,173.86000061035156,180.25,2301800.0,0.0,0.0
2024-09-11,181.52999877929688,188.14999389648438,179.14500427246094,187.25,2846900.0,0.0,0.0
2024-09-12,187.0,191.67999267578125,184.19000244140625,189.92999267578125,2154900.0,0.0,0.0
2024-09-13,191.4499969482422,197.80999755859375,189.17999267578125,195.97999572753906,2613600.0,0.0,0.0
2024-09-16,195.0,199.52999877929688,192.69000244140625,199.25,2264000.0,0.0,0.0
2024-09-17,200.0,204.6999969482422,198.25,201.22999572753906,2881700.0,0.0,0.0
2024-09-18,201.9600067138672,204.9530029296875,198.4199981689453,200.3300018310547,1796000.0,0.0,0.0
2024-09-19,205.11000061035156,208.63999938964844,202.47000122070312,208.5,3432600.0,0.0,0.0
2024-09-20,235.16000366210938,255.24000549316406,233.0,254.97999572753906,15031400.0,0.0,0.0
2024-09-23,259.55999755859375,271.8500061035156,252.11000061035156,257.1199951171875,10270000.0,0.0,0.0
2024-09-24,254.0800018310547,259.44000244140625,251.08799743652344,253.49000549316406,4562700.0,0.0,0.0
2024-09-25,254.44000244140625,267.0899963378906,253.24000549316406,262.8599853515625,6246200.0,0.0,0.0
2024-09-26,263.8299865722656,270.1199951171875,254.5,256.7699890136719,4072200.0,0.0,0.0
2024-09-27,257.17999267578125,262.3999938964844,255.33999633789062,257.0,2598100.0,0.0,0.0
2024-09-30,257.75,261.1199951171875,251.27499389648438,260.0199890136719,2899300.0,0.0,0.0
2024-10-01,259.1000061035156,266.0,253.9600067138672,265.6099853515625,3179800.0,0.0,0.0
2024-10-02,264.9100036621094,269.7200012207031,261.6499938964844,265.3800048828125,3233600.0,0.0,0.0
2024-10-03,272.1499938964844,279.510009765625,268.0,277.3699951171875,4274200.0,0.0,0.0
2024-10-04,277.9100036621094,286.0,275.6000061035156,285.5199890136719,3829200.0,0.0,0.0
2024-10-07,285.0,288.75299072265625,274.0,278.55999755859375,3477000.0,0.0,0.0
2024-10-08,278.8900146484375,281.3999938964844,273.1000061035156,279.3900146484375,2599100.0,0.0,0.0
2024-10-09,276.04998779296875,276.04998779296875,257.5,262.2799987792969,5235800.0,0.0,0.0
2024-10-10,261.05999755859375,267.760009765625,259.0299987792969,262.30999755859375,2733500.0,0.0,0.0
2024-10-11,256.3900146484375,266.8999938964844,249.0500030517578,266.2200012207031,4477700.0,0.0,0.0
2024-10-14,267.57000732421875,272.82000732421875,265.2099914550781,271.739990234375,2229300.0,0.0,0.0
2024-10-15,269.79998779296875,269.79998779296875,262.3399963378906,266.1499938964844,3000900.0,0.0,0.0
2024-10-16,268.2200012207031,280.239990234375,264.1199951171875,279.79998779296875,2469300.0,0.0,0.0
2024-10-17,285.0,285.0,270.5400085449219,271.20001220703125,3209900.0,0.0,0.0
2024-10-18,267.7799987792969,272.5799865722656,265.0,270.1600036621094,1708800.0,0.0,0.0
2024-10-21,273.0799865722656,274.1199951171875,268.010009765625,273.7200012207031,1650900.0,0.0,0.0
2024-10-22,270.3699951171875,271.42498779296875,265.8500061035156,266.0,2134100.0,0.0,0.0
2024-10-23,265.0,267.9259948730469,262.6099853515625,266.04998779296875,2633700.0,0.0,0.0
2024-10-24,267.7900085449219,267.79998779296875,262.57000732421875,264.5,1553700.0,0.0,0.0
2024-10-25,269.0,269.739990234375,263.0899963378906,264.4100036621094,2016200.0,0.0,0.0
2024-10-28,266.8900146484375,271.19000244140625,265.010009765625,266.9800109863281,1542500.0,0.0,0.0
2024-10-29,266.2799987792969,267.2300109863281,261.70001220703125,265.0,1829700.0,0.0,0.0
2024-10-30,266.8800048828125,268.0,261.42999267578125,261.7799987792969,1831000.0,0.0,0.0
2024-10-31,261.739990234375,264.19000244140625,259.3500061035156,262.9599914550781,2290900.0,0.0,0.0
2024-11-01,262.7300109863281,264.7699890136719,256.82000732421875,258.1000061035156,2788000.0,0.0,0.0
