Date,GRADE,GPS,GEHC,MA 5,MA 10,MA 20,MA 50,MA 100,MA 200
2022-12-15,,,59.841102600097656,,,,,,
2022-12-16,,,56.58972930908203,,,,,,
2022-12-19,,,56.350364685058594,,,,,,
2022-12-20,,,57.0584831237793,,,,,,
2022-12-21,,,56.80914688110352,57.32976531982422,,,,,
2022-12-22,,,57.44745635986328,56.851036071777344,,,,,
2022-12-23,,,57.34771347045898,57.00263290405273,,,,,
2022-12-26,,,57.34771347045898,57.20210266113281,,,,,
2022-12-27,,,57.29785537719727,57.249977111816406,,,,,
2022-12-28,,,57.34771347045898,57.3576904296875,57.34372787475586,,,,
2022-12-29,,,57.84639358520508,57.43747787475586,57.1442569732666,,,,
2022-12-30,,,58.22539138793945,57.613013458251956,57.307823181152344,,,,
2023-01-02,,,58.22539138793945,57.78854904174805,57.49532585144043,,,,
2023-01-03,,,55.851688385009766,57.499315643310545,57.37464637756348,,,,
2023-01-04,,,60.32980346679688,58.095733642578125,57.72671203613281,,,,
2023-01-05,,,58.84375,58.29520492553711,57.86634140014648,,,,
2023-01-06,,,58.79388427734375,58.40890350341797,58.01095848083496,,,,
2023-01-09,,,57.94612884521485,58.353050994873044,58.07080001831055,,,,
2023-01-10,,,59.841102600097656,59.150933837890626,58.325124740600586,,,,
2023-01-11,,,64.81787872314453,60.04854888916016,59.07214126586914,58.2079345703125,,,
2023-01-12,,,65.47613525390625,61.37502593994141,59.83511543273926,58.48968620300293,,,
2023-01-13,,,65.2667007446289,62.66958923339844,60.5392463684082,58.92353477478027,,,
2023-01-16,,,65.2667007446289,64.13370361328126,61.24337730407715,59.36935157775879,,,
2023-01-17,,,63.16228103637695,64.79793930053711,61.974436569213864,59.67454147338867,,,
2023-01-18,,,61.91558837890625,64.21748123168945,62.1330150604248,59.92986354827881,,,
2023-01-19,,,63.77066040039063,63.87638626098633,62.625706100463866,60.24602375030518,,,
2023-01-20,,,66.59315490722656,64.14167709350586,63.40563316345215,60.708295822143555,,,
2023-01-23,,,69.33587646484375,64.95551223754883,64.54460792541504,61.30770397186279,,,
2023-01-24,,,69.4156723022461,66.20619049072266,65.50206489562989,61.913594818115236,,,
2023-01-25,,,68.52803039550781,67.52867889404297,65.87308006286621,62.47261066436768,,,
2023-01-26,,,69.03667449951172,68.58188171386719,66.22913398742676,63.03212471008301,,,
2023-01-27,,,69.89439392089844,69.24212951660157,66.69190330505371,63.61557483673096,,,
2023-01-30,,,71.3106460571289,69.6370834350586,67.29629783630371,64.26983757019043,,,
2023-01-31,,,69.33587646484375,69.62112426757812,67.9136573791504,64.94404697418213,,,
2023-02-01,,,69.82460021972656,69.88043823242188,68.70455856323242,65.41878681182861,,,
2023-02-02,,,70.462890625,70.16568145751953,69.37378158569337,65.99974384307862,,,
2023-02-03,,,70.36316680908203,70.25943603515626,69.7507827758789,66.57820796966553,,,
2023-02-06,,,71.66968536376953,70.33124389648438,69.98416366577149,67.26438579559326,,,
2023-02-07,,,71.44029998779297,70.75212860107422,70.18662643432617,67.84434566497802,,,
2023-02-08,,,69.9841537475586,70.78403930664062,70.33223876953124,68.10265941619873,,,
2023-02-09,,,68.22882843017578,70.33722686767578,70.25145416259765,68.2402940750122,,,
2023-02-10,,,69.0566177368164,70.07591705322265,70.16767654418945,68.42978992462159,,,
2023-02-13,,,69.2461166381836,69.59120330810546,69.96122360229492,68.62876071929932,,,
2023-02-14,,,72.41770935058594,69.78668518066407,70.26940689086913,69.09153213500977,,,
2023-02-15,,,72.12847137451172,70.21554870605469,70.49979400634766,69.60217628479003,,,
2023-02-16,,,70.72219848632812,70.71422271728515,70.52572479248047,69.94975318908692,,,
2023-02-17,,,72.97621154785156,71.49814147949219,70.78702926635742,70.26890602111817,,,
2023-02-20,,,72.97621154785156,72.24416046142578,70.91768188476563,70.45092277526855,,,
2023-02-21,,,72.278076171875,72.21623382568359,71.00145950317383,70.59404296875,,,
2023-02-22,,,71.74948120117188,72.14043579101562,71.17799224853516,70.7551155090332,64.75983604431153,,
2023-02-23,,,75.69898223876953,73.1357925415039,71.92500762939453,71.08823089599609,65.07699363708497,,
2023-02-24,,,74.81134796142578,73.50281982421875,72.50048065185547,71.33407859802246,65.44142601013183,,
2023-02-27,,,75.83861541748047,74.07530059814454,73.15973052978515,71.56047706604004,65.83119102478027,,
2023-02-28,,,75.79871368408203,74.77942810058593,73.49783096313476,71.88361892700195,66.20599563598633,,
2023-03-01,,,75.10057067871094,75.44964599609375,73.79504089355468,72.14741744995118,66.57182411193848,,
2023-03-02,,,74.84127044677734,75.27810363769531,74.2069480895996,72.36633644104003,66.91970039367676,,
2023-03-03,,,76.1677474975586,75.54938354492188,74.5261016845703,72.65656547546386,67.29610107421875,,
2023-03-06,,,76.47693634033203,75.67704772949219,74.87617416381836,72.896928024292,67.67868553161621,,
2023-03-07,,,76.04806518554688,75.72691802978515,75.25317306518555,73.12731628417968,68.05368972778321,,
2023-03-08,,,76.42704772949219,75.99221343994141,75.72092971801757,73.44946098327637,68.43527641296387,,
2023-03-09,,,76.17771911621094,76.25950317382812,75.76880340576172,73.84690551757812,68.80190292358398,,
2023-03-10,,,74.77144622802734,75.98024291992188,75.76481323242187,74.13264694213868,69.13282402038574,,
2023-03-13,,,76.0380859375,75.89247283935546,75.78476028442383,74.4722454071045,69.48907791137695,,
2023-03-14,,,76.93571472167969,76.07000274658203,75.8984603881836,74.69814567565918,69.91075843811035,,
2023-03-15,,,76.55670928955078,76.09593505859375,76.04407424926758,74.91955757141113,70.23529655456542,,
2023-03-16,,,76.4170913696289,76.14380950927735,76.20165634155273,75.20430221557618,70.58676338195801,,
2023-03-17,,,75.63914489746094,76.31734924316406,76.14879608154297,75.33744888305664,70.92366859436035,,
2023-03-20,,,75.00083923339844,76.10989990234376,76.00118637084961,75.43868026733398,71.26476280212403,,
2023-03-21,,,76.31735229492188,75.9862274169922,76.0281150817871,75.64064407348633,71.59428779602051,,
2023-03-22,,,74.57197570800781,75.58928070068359,75.84260787963868,75.78176879882812,71.78936973571777,,
2023-03-23,,,75.50950622558594,75.407763671875,75.77578659057617,75.77229499816895,71.99003715515137,,
2023-03-24,,,76.25749969482422,75.53143463134765,75.92439193725586,75.84460258483887,72.20985313415527,,
2023-03-27,,,76.17771911621094,75.76681060791016,75.93835525512695,75.86155776977539,72.42807350158691,,
2023-03-28,,,76.69634246826172,75.84260864257813,75.91441802978515,75.90643920898438,72.6987547302246,,
2023-03-29,,,79.03014373779297,76.73424224853515,76.16176147460938,76.10291786193848,73.04104583740235,,
2023-03-30,,,81.92247009277344,78.01683502197265,76.71229934692383,76.45697784423828,73.40408203125,,
2023-03-31,,,81.81275177001953,79.12788543701171,77.32966003417968,76.73922805786133,73.70847396850586,,
2023-04-03,,,81.59333801269531,80.2110092163086,77.98890991210938,76.99504814147949,73.9536231994629,,
2023-04-04,,,81.37391662597656,81.14652404785156,78.49456634521485,77.26134071350097,74.1927880859375,,
2023-04-05,,,80.90516662597656,81.52152862548829,79.12788543701171,77.4852466583252,74.44033081054687,,
2023-04-06,,,79.94771575927734,81.12657775878907,79.57170639038085,77.67374649047852,74.65855163574219,,
2023-04-07,,,79.94771575927734,80.75357055664062,79.94072799682617,77.93255996704102,74.85961807250976,,
2023-04-10,,,80.3765640258789,80.51021575927734,80.36061248779296,78.14948387145996,75.04093643188476,,
2023-04-11,,,80.3765640258789,80.31074523925781,80.72863464355468,78.32152633666992,75.26175018310546,,
2023-04-12,,,81.53350067138672,80.43641204833985,80.97897033691406,78.57036590576172,75.49592819213868,,
2023-04-13,,,82.72034454345703,80.99093780517578,81.05875778198242,78.88552856445312,75.74107727050782,,
2023-04-14,,,82.15185546875,81.43176574707032,81.09266815185546,79.21116409301757,75.97685104370117,,
2023-04-17,,,82.50092315673828,81.85663757324218,81.18342666625976,79.58616828918457,76.19347579956055,,
2023-04-18,,,83.43843841552734,82.46901245117188,81.38987884521484,79.94222259521484,76.43343856811524,,
2023-04-19,,,85.52289581298828,83.26689147949219,81.85165176391601,80.48976860046386,76.74421340942382,,
2023-04-20,,,84.77488708496094,83.67779998779297,82.33436889648438,80.95303764343262,77.07513458251952,,
2023-04-21,,,86.25096893310547,84.49762268066407,82.96469421386719,81.45271110534668,77.41902160644531,,
2023-04-24,,,87.5574951171875,85.50893707275391,83.68278732299805,82.02169990539551,77.78524917602539,,
2023-04-25,,,80.17708587646484,84.8566665649414,83.66283950805663,82.19573707580567,77.94043670654297,,
2023-04-26,,,79.90782165527344,83.73365173339843,83.50027160644531,82.23962097167968,78.0960237121582,,
2023-04-27,,,81.30409240722656,83.03949279785157,83.35864639282227,82.20870208740234,78.30766159057617,,
2023-04-28,,,81.12458038330078,82.01421508789062,83.25591888427735,82.1742935180664,78.47062896728515,,
2023-05-01,,,80.5660629272461,80.61592864990234,83.06243286132812,82.12292976379395,78.62242599487304,,
2023-05-02,,,78.25221252441406,80.23095397949218,82.5438102722168,81.96684455871582,78.74190872192383,,
2023-05-03,,,79.4989013671875,80.149169921875,81.94141082763672,81.89653129577637,78.89689712524414,71.82836658477783,
2023-05-04,,,78.05274200439453,79.4988998413086,81.26919631958008,81.80178260803223,78.94397232055664,72.0104829788208,
2023-05-05,,,78.78079986572266,79.03014373779297,80.5221794128418,81.74343681335449,79.02336135864257,72.2323936843872,
2023-05-08,,,79.20966339111328,78.75886383056641,79.68739624023438,81.68509178161621,79.09078231811523,72.46098667144776,
2023-05-09,,,76.1677474975586,78.34197082519532,79.28646240234374,81.47465095520019,79.09816299438477,72.65207931518555,
2023-05-10,,,75.69898223876953,77.58198699951171,78.86557846069336,81.18292503356933,79.11013122558593,72.8409776687622,
2023-05-11,,,74.79139709472656,76.92971801757812,78.21430892944336,80.7864776611328,79.10913375854493,73.01441707611085,
2023-05-12,,,74.72158813476562,76.11787567138671,77.57400970458984,80.41496429443359,79.08021057128906,73.18815582275391,
2023-05-15,,,74.73155975341797,75.22225494384766,76.99055938720703,80.02649612426758,79.04530303955079,73.36199428558349,
2023-05-16,,,77.57400512695312,75.50350646972656,76.92273864746093,79.73327445983887,79.0758218383789,73.56475578308105,
2023-05-17,,,80.08734130859375,76.38117828369141,76.98158264160156,79.46149673461915,79.14902770996093,73.7921520614624,
2023-05-18,,,79.47895050048828,77.31868896484374,77.12420349121093,79.1966999053955,79.21505233764648,74.00847763061523,
2023-05-19,,,79.12987518310547,78.20034637451172,77.15911102294922,78.84064521789551,79.30222091674804,74.2175224685669,
2023-05-22,,,78.90039825439453,79.03411407470703,77.12818450927735,78.40779037475586,79.35946716308594,74.42427253723145,
2023-05-23,,,77.01469421386719,78.92225189208985,77.2128791809082,78.24967079162597,79.36104675292968,74.63590259552002,
2023-05-24,,,76.35619354248047,78.17602233886718,77.27860031127929,78.07208938598633,79.35703643798828,74.79616649627685,
2023-05-25,,,79.67862701416016,78.21595764160156,77.76732330322265,77.99081611633301,79.42226715087891,75.00451526641845,
2023-05-26,,,78.25188446044922,78.04035949707031,78.12035293579102,77.84718132019043,79.47452194213867,75.19909526824951,
2023-05-29,,,78.25188446044922,77.91065673828125,78.47238540649414,77.73147239685059,79.5395428466797,75.40215282440185,
2023-05-30,,,77.7829360961914,78.06430511474609,78.49327850341797,77.70800857543945,79.56885452270508,75.5815711593628,
2023-05-31,,,79.32942199707031,78.65895080566406,78.41748657226563,77.6995346069336,79.66400344848633,75.72668659210206,
2023-06-01,,,79.64869689941406,78.65296478271485,78.4344612121582,77.77933235168457,79.7467872619629,75.86841220855713,
2023-06-02,,,79.78838348388672,78.96026458740235,78.50031204223633,77.82971153259277,79.81740493774414,76.0136290359497,
2023-06-05,,,80.30720520019531,79.37132873535157,78.6409927368164,77.88458862304688,79.89999465942383,76.16403408050537,
2023-06-06,,,82.74164581298828,80.36307067871094,79.21368789672852,78.21328353881836,80.02090072631836,76.35982772827148,
2023-06-07,,,80.29721069335938,80.55662841796875,79.6077896118164,78.44319496154785,80.04624206542968,76.54364395141602,
2023-06-08,,,77.57341766357422,80.14157257080078,79.39726867675782,78.58229598999023,79.9592610168457,76.68167152404786,
2023-06-09,,,76.92488861083984,79.56887359619141,79.26456909179687,78.69246101379395,79.8615037536621,76.78498886108399,
2023-06-12,,,78.09222412109375,79.1258773803711,79.24860305786133,78.86049423217773,79.79148147583008,76.87255233764648,
2023-06-13,,,77.61333465576172,78.10021514892578,79.23164291381836,78.86246070861816,79.71626983642578,76.95452896118164,
2023-06-14,,,78.35165405273438,77.71110382080079,79.13386611938476,78.77567634582519,79.66519958496093,77.0527651977539,
2023-06-15,,,78.92035675048828,77.9804916381836,79.06103210449218,78.7477466583252,79.64465240478516,77.15160202026367,
2023-06-16,,,78.47138214111328,78.28979034423828,78.92933197021485,78.71482200622559,79.61512573242187,77.23737190246582,
2023-06-19,,,78.47138214111328,78.3656219482422,78.74574966430664,78.69337120056153,79.57702209472656,77.30897926330566,
2023-06-20,,,78.72081756591797,78.58711853027344,78.3436668395996,78.77867736816407,79.54390716552734,77.40282867431641,
2023-06-21,,,79.43917846679688,78.80462341308593,78.25786361694335,78.93282661437988,79.50202072143554,77.49897445678711,
2023-06-22,,,80.02783203125,79.02611846923828,78.50330505371093,78.95028686523438,79.4481704711914,77.5946238708496,
2023-06-23,,,79.63871765136719,79.25958557128907,78.77468795776367,79.01962852478027,79.39790771484375,77.68737937927246,
2023-06-26,,,77.62330627441406,79.08997039794922,78.7277961730957,78.98819961547852,79.30035537719726,77.74691558837891,
2023-06-27,,,76.89497375488281,78.72480163574218,78.65596008300781,78.94380149841308,79.16948608398438,77.8014623260498,
2023-06-28,,,77.01469421386719,78.23990478515626,78.52226409912109,78.82806510925293,78.99932205200196,77.87176773071289,
2023-06-29,,,78.50130462646484,77.93459930419922,78.48035888671875,78.77069549560547,78.87385040283203,77.97449249267578,
2023-06-30,,,81.05548858642578,78.21795349121093,78.73876953125,78.83405075073242,78.76994079589844,78.09448120117187,
2023-07-03,,,80.50675201416016,78.79464263916016,78.94230651855469,78.84402809143066,78.62892593383789,78.20708755493165,
2023-07-04,,,80.50675201416016,79.51699829101562,79.1208999633789,78.73228340148925,78.63551925659179,78.28797798156738,
2023-07-05,,,80.46683502197266,80.20742645263672,79.22366561889649,78.74076461791992,78.64669952392578,78.37136161804199,
2023-07-06,,,78.9403076171875,80.29522705078125,79.11491317749024,78.80910911560059,78.599423828125,78.45354270935059,
2023-07-07,,,79.43917846679688,79.97196502685547,79.0949592590332,78.93482360839843,78.56571578979492,78.51817237854004,
2023-07-10,,,80.476806640625,79.96597595214844,79.3803092956543,79.054052734375,78.5639306640625,78.59317832946778,
2023-07-11,,,81.07544708251953,80.07971496582032,79.79835662841796,79.22715835571289,78.62039535522462,78.68115203857423,
2023-07-12,,,81.50447082519531,80.28724212646485,80.24733428955078,79.38479919433594,78.66050674438476,78.77870193481445,
2023-07-13,,,81.21512603759766,80.74220581054688,80.51871643066406,79.49953765869141,78.72375442504882,78.83386337280274,
2023-07-14,,,81.63417053222656,81.18120422363282,80.57658462524414,79.65767707824708,78.78082183837891,78.90209159851074,
2023-07-17,,,81.00562286376953,81.28696746826172,80.62647171020508,79.78438911437988,78.81674102783204,78.95376167297363,
2023-07-18,,,82.28269958496094,81.52841796875,80.80406646728515,79.96248321533203,78.93904006958007,79.01860153198243,
2023-07-19,,,81.56433868408203,81.54039154052734,80.9138168334961,80.0687412261963,79.05634719848632,79.08323921203613,
2023-07-20,,,81.69408416748047,81.63618316650391,81.18919448852539,80.15205383300781,79.1944009399414,79.15176734924316,
2023-07-21,,,82.47259521484375,81.80386810302734,81.49253616333007,80.29374771118164,79.34942108154297,79.21481582641601,
2023-07-24,,,80.47640228271484,81.69802398681641,81.49249572753907,80.43640251159668,79.4643179321289,79.25481048583984,
2023-07-25,,,80.05722045898438,81.2529281616211,81.39067306518555,80.59451484680176,79.51398223876953,79.29490203857422,
2023-07-26,,,77.28250885009766,80.39656219482421,80.96847686767578,80.60790557861328,79.45788558959961,79.30345664978027,
2023-07-27,,,76.71359252929688,79.4004638671875,80.5183235168457,80.51851997375488,79.40257843017578,79.30881538391114,
2023-07-28,,,77.72167205810547,78.45027923583984,80.1270736694336,80.35182914733886,79.37441436767578,79.33831764221192,
2023-07-31,,,77.85142517089844,77.92528381347657,79.81165390014648,80.21906280517578,79.35343490600586,79.3564510345459,
2023-08-01,,,77.54202270507812,77.42224426269532,79.3375862121582,80.07082633972168,79.36398147583007,79.36251411437988,
2023-08-02,,,76.44410705566406,77.25456390380859,78.8255630493164,79.86968994140625,79.36573974609375,79.36138809204101,
2023-08-03,,,75.87519073486328,77.08688354492188,78.2436737060547,79.71643409729003,79.28967102050781,79.35596908569336,
2023-08-04,,,75.75542449951172,76.69363403320312,77.57195663452148,79.53224639892578,79.23974182128906,79.35713188171387,
2023-08-07,,,75.44601440429688,76.21255187988281,77.06891784667968,79.28070678710938,79.18362442016601,79.36158363342285,
2023-08-08,,,73.78917694091797,75.46198272705078,76.44211349487304,78.9163932800293,79.10374923706054,79.33630187988281,
2023-08-09,,,73.7791976928711,74.92900085449219,76.09178237915039,78.53012962341309,78.99274475097656,79.32837409973145,
2023-08-10,,,72.16228485107422,74.18641967773438,75.63665161132812,78.07748756408691,78.84301651000976,79.29490188598633,
2023-08-11,,,71.4536361694336,73.32606201171875,75.00984802246094,77.56846084594727,78.6763215637207,79.24686325073242,
2023-08-14,,,71.66323852539062,72.5695068359375,74.39102935791016,77.10134162902833,78.5034422302246,79.20171844482422,
2023-08-15,,,70.40563201904297,71.8927978515625,73.67739028930664,76.50748825073242,78.2567219543457,79.13881134033203,
2023-08-16,,,70.5353775024414,71.24403381347656,73.08651733398438,75.95604019165039,78.06148529052734,79.05386367797851,
2023-08-17,,,68.25972747802734,70.4635223388672,72.32497100830078,75.28432235717773,77.87521148681641,78.91723625183106,
2023-08-18,,,68.22978973388672,69.81875305175781,71.57240753173828,74.57218208312989,77.70130950927734,78.78140663146972,
2023-08-21,,,68.83863067626953,69.25383148193359,70.91166915893555,73.99029350280762,77.51623764038087,78.65385955810547,
2023-08-22,,,68.79869842529297,68.9324447631836,70.41262130737304,73.42736740112305,77.33994491577148,78.52810737609863,
2023-08-23,,,68.85858917236328,68.59708709716797,69.92056045532226,73.00617141723633,77.15008361816406,78.4076416015625,
2023-08-24,,,68.29965209960938,68.60507202148438,69.53429718017578,72.58547439575196,76.93766952514649,78.29116096496583,
2023-08-25,,,68.45934295654297,68.65098266601562,69.23486785888672,72.12235794067382,76.73742874145508,78.17627723693847,
2023-08-28,,,69.17797088623047,68.7188507080078,68.9863410949707,71.68868522644043,76.55156051635743,78.06429130554199,
2023-08-29,,,70.34575653076172,69.02826232910157,68.98035354614258,71.32887191772461,76.3840592956543,77.96398323059083,
2023-08-30,,,70.25591278076172,69.30772705078125,68.95240707397461,71.01946220397949,76.20039398193359,77.85120735168456,
2023-08-31,,,70.31580352783203,69.71095733642578,69.15801467895508,70.74149284362792,76.00615341186523,77.72716194152832,
2023-09-01,,,69.11809539794922,69.84270782470703,69.24684524536133,70.40962638854981,75.79574096679687,77.59682434082032,
2023-09-04,,,69.11809539794922,69.83073272705079,69.2747917175293,70.09323043823242,75.62563674926758,77.46299606323242,
2023-09-05,,,67.5311279296875,69.26780700683594,69.14803466796874,69.7803279876709,75.43835983276367,77.30392295837402,
2023-09-06,,,66.8524169921875,68.5871078491211,68.94741744995117,69.43398895263672,75.23511428833008,77.11721817016601,
2023-09-07,,,65.77447509765625,67.67884216308593,68.69489974975586,69.11459846496582,74.9805776977539,76.92721405029297,
2023-09-08,,,64.77637481689453,66.810498046875,68.32660293579102,68.78073539733887,74.65499542236329,76.71246810913085,
2023-09-11,,,66.49310302734375,66.2854995727539,68.05811614990235,68.52222862243653,74.37472244262695,76.50182418823242,
2023-09-12,,,65.27542114257812,65.83435821533203,67.55108261108398,68.26571807861328,74.07009582519531,76.35280754089355,
2023-09-13,,,64.4070816040039,65.34529113769531,66.9661994934082,67.95930328369141,73.74890075683594,76.19780014038086,
2023-09-14,,,65.8742904663086,65.36525421142578,66.52204818725586,67.84003143310547,73.48758041381836,76.04350212097168,
2023-09-15,,,66.303466796875,65.67067260742188,66.24058532714844,67.74371528625488,73.22486618041992,75.89529098510742,
2023-09-18,,,66.15374755859375,65.60280151367188,65.94415054321288,67.60947113037109,72.93840499877929,75.7511678314209,
2023-09-19,,,65.99404907226562,65.74652709960938,65.7904426574707,67.46923866271973,72.63677703857422,75.62858619689942,
2023-09-20,,,64.88616180419922,65.84234313964843,65.59381713867188,67.27061729431152,72.3044108581543,75.48245880126953,73.65541269302368
2023-09-21,,,63.7682991027832,65.42114486694337,65.39319953918456,67.04404964447022,71.955474319458,75.33961437225342,73.67504867553711
2023-09-22,,,64.20746612548828,65.00194473266602,65.33630867004395,66.83145580291747,71.60694023132324,75.19388103485107,73.71313735961914
2023-09-25,,,66.35337829589844,65.04187088012695,65.32233619689941,66.69022617340087,71.31389533996582,75.06531818389892,73.76315242767333
2023-09-26,,,66.08387756347656,65.05983657836914,65.40318183898925,66.47713222503663,70.98991889953614,74.96447948455811,73.80827939987182
2023-09-27,33.75533524757647,B,68.14993286132812,65.71259078979492,65.77746696472168,66.37183322906495,70.72163078308105,74.88898899078369,73.86498332977295
2023-09-28,38.862618719016844,C,69.64707946777344,66.88834686279297,66.15474586486816,66.33839702606201,70.48069068908691,74.83754581451416,73.9259814453125
2023-09-29,41.876225829590446,C,67.910400390625,67.62893371582031,66.31543922424316,66.2780122756958,70.18944679260254,74.76943393707275,73.97879487991332
2023-10-02,43.20294408836469,C,67.71077728271484,67.9004135131836,66.47114219665528,66.20764636993408,69.93413429260254,74.69922611236572,74.03061019897461
2023-10-03,44.02524855850073,C,66.8524169921875,68.05412139892579,66.55697898864746,66.17371082305908,69.6700382232666,74.59201023101807,74.07838300704957
2023-10-04,43.38575562636663,C,67.75069427490234,67.97427368164062,66.84343223571777,66.21862468719482,69.4794019317627,74.46864376068115,74.13039791107178
2023-10-05,41.53602575536737,C,67.47122955322266,67.53910369873047,67.21372528076172,66.30346240997315,69.2945546722412,74.34856655120849,74.17852209091187
2023-10-06,42.02496225522526,C,68.32958984375,67.62294158935546,67.6259376525879,66.48112316131592,69.1067130279541,74.24056369781493,74.22904308319092
2023-10-09,41.83145330773601,C,67.67086029052734,67.61495819091797,67.75768585205078,66.54001102447509,68.90310173034668,74.12826831817627,74.27627042770386
2023-10-10,43.25421141527661,C,68.06011962890625,67.85649871826172,67.95531005859375,66.6792459487915,68.71346366882324,74.03872257232666,74.33731258392334
2023-10-11,42.936226682166385,C,67.65088653564453,67.83653717041015,67.9054054260254,66.84143619537353,68.53759925842286,73.9516695022583,74.37391799926758
2023-10-12,41.38584580244122,C,66.38330841064453,67.61895294189453,67.5790283203125,66.86688709259033,68.34776161193848,73.81871631622315,74.4116157913208
2023-10-13,39.61076264905734,B,66.99214935302734,67.35146484375,67.48720321655273,66.90132122039795,68.17249610900879,73.70611896514893,74.45260711669921
2023-10-16,39.00151416798902,B,66.75260162353516,67.16781311035156,67.39138565063476,66.93126392364502,67.99862785339356,73.59112613677979,74.49663948059082
2023-10-17,37.36281452606605,B,66.67276000976562,66.89034118652344,67.37341995239258,66.96519947052002,67.85629951477051,73.48002437591553,74.53079776763916
2023-10-18,35.03514948547381,B,65.10575103759766,66.38131408691406,67.1089256286621,66.97617893218994,67.68283058166504,73.3377876663208,74.53223712921142
2023-10-19,34.75812573085329,B,65.35537719726562,66.17572784423828,66.8973403930664,67.05553283691407,67.54669242858887,73.19485446929932,74.53163333892822
2023-10-20,32.47312077444372,B,63.95741653442383,65.56878128051758,66.46012306213379,67.04303035736083,67.39676803588867,73.03654479980469,74.5250869178772
2023-10-23,29.907290528359074,B,63.897499084472656,64.99776077270508,66.08278694152833,66.92023639678955,67.24145324707031,72.87244773864747,74.51824090957642
2023-10-24,27.969658018412048,B,64.57650756835938,64.57851028442383,65.73442573547364,66.8448678970337,67.12487075805664,72.69079635620118,74.52531204223632
2023-10-25,28.161519567717374,B,64.416748046875,64.44070968627929,65.41101188659668,66.65820865631103,67.00249816894531,72.53199172973633,74.53781784057617
2023-10-26,27.458786943983693,B,63.81761169433594,64.13315658569336,65.15444221496583,66.36673526763916,66.91365585327148,72.39443367004395,74.5380525970459
2023-10-27,27.55872497577523,B,63.008785247802734,63.94343032836914,64.75610580444337,66.12165451049805,66.80923576354981,72.25527263641358,74.52013074874878
2023-10-30,27.524083389858657,B,63.07868194580078,63.779666900634766,64.38871383666992,65.89004974365234,66.69403678894042,72.10513721466064,74.48884477615357
2023-10-31,29.423814441577065,B,66.47377014160156,64.1591194152832,64.36881484985352,65.87111740112304,66.64753822326661,71.99374156951905,74.47413526535034
2023-11-01,32.55680326821278,B,68.18128967285156,64.91202774047852,64.6763687133789,65.89264717102051,66.63399223327637,71.89203792572022,74.47240156173706
2023-11-02,36.709327466266956,B,69.14990234375,65.97848587036133,65.05582122802734,65.97658081054688,66.65099723815918,71.79433338165283,74.47296770095825
2023-11-03,43.402919640668436,C,71.46653747558594,67.67003631591797,65.80673332214356,66.13342819213867,66.71114112854004,71.72428493499756,74.48082841873169
2023-11-06,49.877715299191756,C,70.98722839355469,69.25174560546876,66.51570625305176,66.29924659729004,66.74732627868653,71.64944339752198,74.47921133041382
2023-11-07,52.69670716898569,A,70.59779357910156,70.07655029296875,67.11783485412597,66.4261302947998,66.75236701965332,71.56821315765382,74.4855209159851
2023-11-08,53.04670387454035,A,69.88882446289062,70.41805725097656,67.66504249572753,66.53802719116212,66.74502525329589,71.47270961761474,74.48584203720092
2023-11-09,51.25619931308383,A,68.21125030517578,70.23032684326172,68.10440635681152,66.62942428588867,66.70293418884278,71.35454380035401,74.4745838356018
2023-11-10,48.13817000596768,C,69.41950225830078,69.82091979980468,68.74547805786133,66.75079193115235,66.7089623260498,71.25235164642334,74.4698655128479
2023-11-13,46.02061690364069,C,69.90879821777344,69.60523376464843,69.4284896850586,66.90860176086426,66.7247763824463,71.17520656585694,74.46106107711792
2023-11-14,46.31744706685563,C,72.1056137084961,69.90679779052735,69.99167404174804,67.18024444580078,66.81626609802247,71.12731296539306,74.46438764572143
2023-11-15,47.186059253770956,C,71.41661834716797,70.21235656738281,70.3152069091797,67.4957878112793,66.90755012512207,71.07133220672607,74.47154996871949
2023-11-16,50.005577343362155,A,71.81602478027344,70.93331146240234,70.58181915283203,67.81882019042969,67.02838111877442,71.00447940826416,74.48948595046997
2023-11-17,52.252675398290926,A,72.89447784423828,71.62830657958985,70.72461318969727,68.2656732559204,67.19074317932129,70.92286930084228,74.50867525100708
2023-11-20,54.12070414964723,A,73.22399139404297,72.29134521484374,70.94828948974609,68.73199787139893,67.32536094665528,70.8500416946411,74.52856462478638
2023-11-21,54.0206784239351,A,73.27391815185547,72.52500610351562,71.21590194702148,69.16686840057373,67.48533088684081,70.77771335601807,74.53284566879273
2023-11-22,54.819456234578944,A,73.49360656738281,72.94040374755859,71.57638015747071,69.62071132659912,67.6670613861084,70.70798107147216,74.53967134475708
2023-11-23,55.42207147120583,A,73.49360656738281,73.27592010498047,72.1046157836914,70.10451107025146,67.81944770812989,70.65351406097412,74.55352838516235
2023-11-24,55.31575271871853,A,73.60344696044922,73.41771392822265,72.52301025390625,70.63424415588379,67.96544731140136,70.59515674591064,74.55666456222534
2023-11-27,52.919499550456806,A,71.03715515136719,72.9803466796875,72.63584594726562,71.03216781616212,68.06311546325684,70.50076023101806,74.54696928024292
2023-11-28,48.10508734338273,C,68.03150177001953,71.9318634033203,72.22843475341797,71.11005439758301,68.10386451721192,70.37032077789307,74.52573640823364
2023-11-29,42.43265151547394,C,67.61212158203125,70.75556640625,71.8479850769043,71.08159599304199,68.15838371276855,70.23139728546143,74.50504961013795
2023-11-30,36.44923501151932,B,68.36103057861328,69.72905120849609,71.50248565673829,71.04215240478516,68.25023834228516,70.10285633087159,74.46835985183716
2023-12-01,31.322182900481124,B,69.30966186523438,68.87029418945312,71.1440040588379,70.93430862426757,68.35228225708008,69.97961124420166,74.4408514213562
2023-12-04,28.581591463518652,B,69.26972198486328,68.51680755615234,70.74857711791992,70.848433303833,68.41060913085937,69.8622522354126,74.40800695419311
2023-12-05,28.348342484123823,B,67.8318099975586,68.47686920166015,70.20436630249023,70.71013412475585,68.44556777954102,69.71774333953857,74.3681724357605
2023-12-06,28.541338819765752,B,67.95162963867188,68.54477081298828,69.65016860961914,70.61327438354492,68.44160171508788,69.58161624908448,74.3324277305603
2023-12-07,28.03413041583384,B,67.2925796508789,68.33108062744141,69.03006591796876,70.56734085083008,68.39451171875,69.43760120391846,74.29468427658081
2023-12-08,27.74583325412374,B,68.42093658447266,68.15333557128906,68.51181488037109,70.51741256713868,68.40472244262695,69.29708461761474,74.25595022201539
2023-12-11,29.807221757930083,B,71.02718353271484,68.50482788085938,68.51081771850586,70.57333183288574,68.47105056762695,69.20259243011475,74.2287014579773
2023-12-12,33.86704966886017,B,71.94584655761719,69.3276351928711,68.90225219726562,70.56534347534179,68.57291915893555,69.12147869110107,74.20819036483765
2023-12-13,39.61146391661904,C,74.07276916503906,70.55186309814454,69.5483169555664,70.69815101623536,68.69936065673828,69.08938129425049,74.19641897201538
2023-12-14,47.318303299869406,C,75.81024932861328,72.25539703369141,70.29323883056641,70.89786224365234,68.86614105224609,69.08034786224366,74.1945816230774
2023-12-15,53.316145067812954,C,74.90157318115234,73.55152435302735,70.8524299621582,70.99821701049805,68.99758071899414,69.05214687347411,74.19523225784302
2023-12-18,56.17255385914632,C,74.95149230957031,74.33638610839844,71.42060699462891,71.08459205627442,69.143193359375,69.02314754486083,74.18979928970337
2023-12-19,58.010470080962875,C,75.58058166503906,75.0633331298828,72.19548416137695,71.19992523193359,69.29360260009766,69.00353313446045,74.18302362442017
2023-12-20,57.52110160204756,C,75.33094787597656,75.31496887207031,72.93341598510742,71.29179229736329,69.4472038269043,68.99240154266357,74.17689481735229
2023-12-21,56.95117144671304,C,77.07840728759766,75.56860046386718,73.9119987487793,71.47103233337403,69.66110580444337,69.00443370819092,74.18020139694214
2023-12-22,57.88480907789977,C,77.46784210205078,76.08185424804688,74.8166893005371,71.6642520904541,69.87061965942382,69.0215578842163,74.18934488296509
2023-12-25,59.29444095902286,A,77.46784210205078,76.58512420654297,75.4607551574707,71.98578643798828,70.08492446899415,69.04177616119385,74.20167989730835
2023-12-26,60.6891714701952,A,78.02703857421875,77.07441558837891,76.06887435913086,72.48556327819824,70.3120100402832,69.08415477752686,74.21022832870483
2023-12-27,62.257450107880565,A,77.55772399902344,77.51977081298828,76.4173698425293,72.98284339904785,70.56104949951173,69.12194004058838,74.22515707015991
2023-12-28,61.67803165626933,A,77.42790222167969,77.58966979980468,76.57913513183594,73.43618698120117,70.8025,69.17459621429444,74.23474905014038
2023-12-29,60.73823650413042,A,77.2082290649414,77.53774719238281,76.80980072021484,73.83111534118652,71.06751625061035,69.23214214324952,74.23950269699097
2024-01-01,59.90483069100106,A,77.2082290649414,77.48582458496094,77.03547439575195,74.22804069519043,71.33373085021972,69.28759204864502,74.24465524673462
2024-01-02,57.804264033205705,A,76.25960540771484,77.13233795166016,77.10337677001954,74.64943046569825,71.56739280700684,69.34613178253174,74.24247156143188
2024-01-03,55.72486931666833,A,75.9999771118164,76.82078857421875,77.17027969360352,75.05184783935547,71.79905738830567,69.40077777862548,74.227320728302
2024-01-04,54.53947708249269,A,76.45930480957031,76.62706909179687,77.10836944580078,75.51018409729004,72.05189125061035,69.48277355194092,74.20000490188599
2024-01-05,53.404998118454124,A,76.50924682617188,76.48727264404297,77.01250991821288,75.914599609375,72.32190048217774,69.56556812286377,74.17348737716675
2024-01-08,52.53447543886288,P,77.2481689453125,76.4952606201172,76.99054260253907,76.22564888000488,72.60529022216797,69.6496635055542,74.15176153182983
2024-01-09,51.650221907253865,P,76.54918670654297,76.55317687988281,76.84275741577149,76.45581588745117,72.80679855346679,69.72716838836669,74.12763788223266
2024-01-10,50.49724699522952,P,76.05988311767578,76.56515808105469,76.69297332763672,76.555171585083,72.96437042236329,69.79918132781982,74.10341146469116
2024-01-11,49.16742020305866,P,76.13977813720703,76.50125274658203,76.56416091918945,76.5716480255127,73.10416793823242,69.8775825881958,74.08437177658081
2024-01-12,47.72039735832621,P,76.0898208618164,76.41736755371093,76.45232009887695,76.6310604095459,73.19663360595703,69.95388736724854,74.0650823020935
2024-01-15,45.81258731743723,P,76.0898208618164,76.18569793701172,76.34047927856446,76.6879768371582,73.29868545532227,70.0230058670044,74.04364858627319
2024-01-16,44.03702781527999,P,74.8910903930664,75.85407867431641,76.20362777709961,76.65350227355957,73.38455139160156,70.06845920562745,74.01622121810914
2024-01-17,41.271530013943014,P,72.67342376708984,75.17678680419922,75.87097244262695,76.52062606811523,73.44024337768555,70.09263431549073,73.97192083358765
2024-01-18,38.977787396623775,P,73.44261932373047,74.63735504150391,75.56930389404297,76.33883666992188,73.54487075805665,70.1239024734497,73.92553220748901
2024-01-19,37.261900134605014,P,74.03199768066406,74.22579040527344,75.32157897949219,76.16704444885254,73.6371206665039,70.17304149627685,73.88493291854859
2024-01-22,35.93140663691535,P,74.56143951416016,73.92011413574218,75.05290603637695,76.021724319458,73.73017349243165,70.22747493743897,73.84523550033569
2024-01-23,34.687413538225655,P,73.59246063232422,73.66038818359375,74.75723342895508,75.79999542236328,73.7599104309082,70.28808826446533,73.79600561141967
2024-01-24,33.87251676457465,P,71.47469329833984,73.42064208984375,74.29871444702148,75.4958438873291,73.76107192993165,70.33431102752685,73.72576459884644
2024-01-25,33.69915161496413,P,72.79330444335938,73.29077911376953,73.96406707763671,75.26411399841308,73.78061752319336,70.40449932098389,73.66585668563843
2024-01-26,33.030007814402055,P,73.07300567626953,73.09898071289062,73.66238555908203,75.05735282897949,73.78418807983398,70.48746562957764,73.59996686935425
2024-01-29,32.72199861611343,P,74.30171203613281,73.04703521728516,73.48357467651367,74.91202697753906,73.80574249267578,70.56555171966552,73.53368795394897
2024-01-30,34.12291990982623,P,73.92210388183594,73.1129638671875,73.38667602539063,74.79515190124512,73.8187062072754,70.6520185470581,73.50241304397584
2024-01-31,37.10873398285018,P,73.28278350830078,73.47458190917969,73.44761199951172,74.65929222106934,73.81448974609376,70.74077556610108,73.46928785324097
2024-02-01,39.17502763570624,P,74.27173614501953,73.77026824951172,73.53052368164063,74.5499137878418,73.83005233764648,70.82475002288818,73.43412607192994
2024-02-02,40.76984583026255,P,73.83221435546875,73.92210998535157,73.51054534912109,74.41606216430664,73.83462768554688,70.90003749847412,73.39766424179078
2024-02-05,41.32781031107832,P,73.3327407836914,73.72831573486329,73.38767547607422,74.22029075622558,73.88053939819336,70.9718274307251,73.361497631073
2024-02-06,48.192001643582216,A,81.87373352050781,75.31864166259766,74.21580276489257,74.48651809692383,74.15738403320313,71.13062427520752,73.37960523605346
2024-02-07,55.075019332186706,A,81.7438735961914,77.01085968017578,75.24272079467774,74.77071762084961,74.44001907348633,71.29920139312745,73.39083009719849
2024-02-08,61.790698361767,A,81.97362518310547,78.55123748779297,76.16075286865234,75.06240997314453,74.71227096557617,71.48125465393066,73.41043451309204
2024-02-09,68.32964888071555,A,81.25438690185547,80.03567199707031,76.97889099121093,75.32063827514648,74.9511654663086,71.65172386169434,73.4228024482727
2024-02-12,76.43413039007845,A,83.08245849609375,81.98561553955078,77.85696563720703,75.67027015686035,75.2274201965332,71.8190146636963,73.4421664237976
2024-02-13,75.46579269061942,A,82.2233657836914,82.0555419921875,78.68709182739258,76.0368839263916,75.51525131225586,71.98040954589844,73.47244451522828
2024-02-14,74.96514822716028,A,83.08245849609375,82.32325897216796,79.66705932617188,76.5573356628418,75.8178678894043,72.12973480224609,73.50936189651489
2024-02-15,76.19695666048106,A,85.53987121582031,83.03650817871093,80.79387283325195,77.16219825744629,76.18281372070312,72.28866271972656,73.56310426712037
2024-02-16,78.6168880796926,A,85.92945861816406,83.97152252197266,82.00359725952148,77.75707130432129,76.53298416137696,72.46885330200195,73.61914361953735
2024-02-19,79.40411599864485,A,85.92945861816406,84.54092254638672,83.26326904296874,78.32547225952149,76.83102966308594,72.65104011535645,73.67513311386108
2024-02-20,80.50392588721974,A,86.299072265625,85.35606384277344,83.70580291748047,78.96080284118652,77.11809417724609,72.84550666809082,73.71875844955444
2024-02-21,79.1491443822313,A,84.89055633544922,85.71768341064453,84.02047119140624,79.631595993042,77.3344499206543,73.0169052886963,73.74277452468873
2024-02-22,77.45411800963429,A,87.5477523803711,86.11925964355468,84.57788391113282,80.36931838989258,77.56919998168945,73.21767051696777,73.78311853408813
2024-02-23,76.45661681386704,A,88.97624969482422,86.72861785888672,85.35007019042969,81.16448059082032,77.85069351196289,73.42413711547852,73.83235040664673
2024-02-26,76.79228135381499,A,90.52462005615234,87.64765014648438,86.09428634643555,81.97562599182129,78.16215606689452,73.65267471313477,73.89047151565552
2024-02-27,80.18576718718278,A,92.42261505126952,88.87235870361329,87.11421127319336,82.90065155029296,78.49899673461914,73.89629966735839,73.96751111984253
2024-02-28,85.79211662163522,A,92.92208862304688,90.47866516113281,88.09817428588867,83.88261680603027,78.85081954956054,74.14901168823242,74.05034059524536
2024-02-29,87.27679177944928,A,91.18392181396484,91.20589904785156,88.66257934570312,84.72822608947754,79.1329298400879,74.39701782226562,74.10786706924438
2024-03-01,88.43945614187753,A,92.62240600585938,91.9351303100586,89.33187408447266,85.66773567199706,79.43602111816406,74.65332038879394,74.17971967697143
2024-03-04,88.59896294434338,A,92.63240051269533,92.35668640136718,90.00216827392578,86.63271865844726,79.73931228637696,74.91211837768554,74.25162225723267
2024-03-05,85.00716538610207,A,91.71336364746094,92.21483612060547,90.54359741210938,87.12470016479492,80.0130387878418,75.1625244140625,74.32127439498902
2024-03-06,81.87967782504565,A,93.00200653076172,92.23081970214844,91.35474243164063,87.68760681152344,80.32192443847656,75.44148696899414,74.38963731765747
2024-03-07,81.0480206068157,A,92.5624771118164,92.50653076171875,91.85621490478516,88.21704940795898,80.6246159362793,75.71355796813965,74.45420621871948
2024-03-08,79.90836740976376,A,93.77120208740234,92.73628997802734,92.33571014404296,88.84289016723633,80.95587539672852,76.01169582366943,74.52412031173706
2024-03-11,77.79657361786732,A,92.90210723876952,92.79023132324218,92.57345886230469,89.33387260437011,81.26975296020508,76.3017419052124,74.58709482192994
2024-03-12,76.55343869754152,A,91.72335052490234,92.79222869873047,92.50353240966797,89.80887184143066,81.57902786254883,76.57321033477783,74.63200334548951
2024-03-13,71.45806819576268,A,88.38687133789062,91.86920166015625,92.05001068115234,90.0740924835205,81.82676574707031,76.81291156768799,74.67245164871215
2024-03-14,67.23401896981515,P,88.23703002929688,91.00411224365234,91.75532150268555,90.20895042419434,82.06232025146484,77.0571057510376,74.72576971054077
2024-03-15,62.85153212411608,P,89.3158950805664,90.11305084228516,91.42467041015625,90.37827224731446,82.31845321655274,77.32017684936524,74.78772474288941
2024-03-18,60.56042450190913,P,90.51463317871094,89.63555603027343,91.21289367675782,90.6075309753418,82.5837825012207,77.59453636169434,74.84983678817748
2024-03-19,59.838268145741154,P,90.6844482421875,89.42777557373047,91.11000213623046,90.82679977416993,82.86648773193359,77.8366431427002,74.91519235610961
2024-03-20,62.31963969942708,P,90.7943344116211,89.90926818847656,90.88923492431641,91.12198867797852,83.1611767578125,78.06277359008789,74.97740575790405
2024-03-21,64.40952502536275,P,91.10400390625,90.48266296386718,90.74338760375977,91.29980125427247,83.46046127319336,78.28231460571288,75.03832399368287
2024-03-22,64.28102282852663,A,89.63555908203125,90.54659576416016,90.32982330322265,91.33276672363282,83.73137603759766,78.46400482177734,75.09414487838745
2024-03-25,61.94955912850355,A,88.18708038330078,90.08108520507812,89.85832061767579,91.21588973999023,83.97332122802734,78.63600334167481,75.14272336959839
2024-03-26,59.944069773155086,A,88.97624969482422,89.73944549560547,89.58361053466797,91.04357147216797,84.2550244140625,78.81978790283203,75.19400053024292
2024-03-27,59.11250249182376,P,90.21495056152344,89.62356872558594,89.76641845703125,90.9082145690918,84.60585494995117,79.02304916381836,75.24787939071655
2024-03-28,58.946580630193466,P,90.81431579589844,89.56563110351563,90.0241470336914,90.88973426818848,84.95328887939453,79.24907981872559,75.3018118095398
2024-03-29,60.443205686632474,P,90.81431579589844,89.80138244628907,90.1739891052246,90.79932975769043,85.28893524169922,79.46302795410156,75.35768980026245
2024-04-01,62.39051854159743,P,89.43576049804688,90.05111846923828,90.0661018371582,90.63949775695801,85.58642166137696,79.6582975769043,75.41675207138061
2024-04-02,62.477473017730546,A,88.01725769042969,89.85932006835938,89.79938278198242,90.45469245910644,85.87491760253906,79.81741401672363,75.47236349105835
2024-04-03,61.41658753949309,P,88.93629455566406,89.6035888671875,89.61357879638672,90.25140686035157,86.22414962768555,79.9926107788086,75.53197149276734
2024-04-04,58.50689725663451,P,87.86741638183594,89.014208984375,89.28992004394532,90.01665382385254,86.52563186645507,80.15312469482421,75.57880205154419
2024-04-05,55.92604843517022,P,88.37688446044922,88.52672271728515,89.1640525817871,89.74693794250489,86.83170944213867,80.30794876098633,75.61540903091431
2024-04-08,54.18632948171518,P,87.61768341064453,88.1631072998047,89.10711288452148,89.48271675109864,87.0980288696289,80.45188568115235,75.65096368789673
2024-04-09,53.312177976916466,P,86.8484878540039,87.92935333251953,88.89433670043945,89.23897361755371,87.35655654907227,80.58763137817382,75.68267236709595
2024-04-10,50.71556894999043,P,85.30012512207031,87.20211944580078,88.40285415649414,89.08463630676269,87.59690338134766,80.7056965637207,75.70683881759643
2024-04-11,51.70749107433499,P,88.11715698242188,87.25206756591797,88.13313827514648,89.07864265441894,87.8738117980957,80.85193206787109,75.75272306442261
2024-04-12,50.82719384688522,P,86.1891860961914,86.81452789306641,87.67062530517578,88.9223072052002,88.12095123291016,80.97778945922852,75.78647310256957
2024-04-15,50.25425480220115,P,86.03934478759766,86.49886016845703,87.33098373413085,88.69854278564453,88.37508331298828,81.12781135559082,75.81428579330445
2024-04-16,49.52743793467511,P,85.78960418701172,86.28708343505859,87.10821838378907,88.45380058288575,88.45340072631836,81.30539237976075,75.8378565788269
2024-04-17,49.58539687983785,P,85.10033416748047,86.24712524414062,86.7246223449707,88.16910057067871,88.52052993774414,81.48027450561523,75.85583589553833
2024-04-18,46.727312333064496,P,84.91046142578125,85.6057861328125,86.42892684936524,87.85942344665527,88.57926666259766,81.64576881408692,75.87431257247925
2024-04-19,45.61358936739136,P,84.43080139160156,85.25410919189453,86.03431854248046,87.59918556213378,88.64279495239258,81.79698020935058,75.88829572677612
2024-04-22,44.30085322008969,P,84.25092315673828,84.89642486572265,85.69764251708985,87.40237770080566,88.66616424560547,81.94679222106933,75.90452222824096
2024-04-23,45.06617431929538,P,86.17957305908203,84.97441864013672,85.63075103759766,87.26254386901856,88.74528839111328,82.13026985168457,75.92400659561157
2024-04-24,46.88370707843398,P,86.65924072265625,85.28619995117188,85.76666259765625,87.08475837707519,88.81682403564453,82.31734596252441,75.94948110580444
2024-04-25,47.941780274510535,P,85.88977813720703,85.48206329345703,85.54392471313477,86.83853149414062,88.82382217407226,82.5033179473877,75.97045957565308
2024-04-26,49.443662183635986,P,86.17957305908203,85.83181762695312,85.54296340942383,86.6067943572998,88.82882446289062,82.68090431213379,75.98899446487427
2024-04-29,53.157115266326905,A,88.87769317626953,86.75717163085938,85.82679824829101,86.57889099121094,88.88778915405274,82.85940940856933,76.03100091934203
2024-04-30,45.31112110794379,P,76.18657684326172,84.75857238769531,84.86649551391602,85.98735694885254,88.68553924560547,82.90181671142578,76.01164770126343
2024-05-01,38.56936678796059,P,78.20516967773438,83.06775817871093,84.1769790649414,85.45080070495605,88.55183151245117,82.94314071655273,76.01626100540162
2024-05-02,32.8313157616077,P,77.77546691894531,81.4448959350586,83.4634796142578,84.94620323181152,88.35638580322265,82.96279289245605,76.02157037734986
2024-05-03,27.664700261841336,P,79.41431427001953,80.09184417724609,82.9618309020996,84.49807472229004,88.16514709472656,83.00792030334473,76.03003358840942
2024-05-06,19.866799844215635,P,79.74408721923828,78.26512298583984,82.5111473083496,84.10439491271973,87.94953643798829,83.05584625244141,76.03949689865112
2024-05-07,25.297332677746454,P,81.3729476928711,79.30239715576172,82.03048477172851,83.83061790466309,87.72854309082031,83.11376991271973,76.05865152359009
2024-05-08,28.492709653638844,P,81.05316925048828,79.8719970703125,81.46987762451172,83.61827011108399,87.49116470336914,83.17099212646484,76.08169683456421
2024-05-09,33.29077127686649,P,82.67203521728516,80.85131072998047,81.14810333251953,83.34601402282715,87.32092697143554,83.22692840576173,76.11568105697631
2024-05-10,37.223604313582,P,83.34156799316406,81.63676147460937,80.86430282592774,83.20363311767578,87.13531021118165,83.28566566467285,76.15361177444458
2024-05-13,39.157556556158774,P,80.97322845458984,81.8825897216797,80.07385635375977,82.9503273010254,86.90212677001954,83.32071952819824,76.18124784469605
2024-05-14,39.70777282548238,P,80.46357727050781,81.70071563720703,80.50155639648438,82.6840259552002,86.67713104248047,83.34508491516114,76.214619846344
2024-05-15,41.47394559734389,P,81.85261535644531,81.86060485839843,80.86630096435547,82.52164001464844,86.45414321899415,83.38803382873535,76.25498693466187
2024-05-16,41.51673780281669,A,81.2530288696289,81.5768035888672,81.21405715942383,82.33876838684083,86.22795425415039,83.42628509521484,76.30044065475464
2024-05-17,41.378739065784195,P,81.80264282226562,81.2690185546875,81.45289001464843,82.20736045837403,85.98858306884766,83.47222923278808,76.35218568801879
2024-05-20,43.97795725671674,P,81.6927261352539,81.41291809082031,81.64775390625,82.0794506072998,85.76439544677734,83.5170742034912,76.40233312606811
2024-05-21,44.70577145380264,P,81.8825912475586,81.69672088623047,81.69871826171875,81.86460151672364,85.56758026123048,83.57330406188964,76.4597179222107
2024-05-22,43.74666223002104,P,80.56352233886719,81.43890228271485,81.64975357055664,81.55981559753418,85.41111328125,83.61893951416016,76.50985864639283
2024-05-23,42.38089514607689,P,79.27442169189453,81.04318084716797,81.30999221801758,81.22904777526855,85.23186111450195,83.6470906829834,76.56493211746216
2024-05-24,41.03750894598951,P,79.79405212402344,80.64146270751954,80.95524063110352,80.90977172851562,85.0414242553711,83.67993873596191,76.62275342941284
2024-05-27,39.236815569517745,P,79.79405212402344,80.26172790527343,80.83732299804687,80.45558967590333,84.82701263427734,83.70539756774902,76.67753053665162
2024-05-28,38.00957751579687,P,78.69482421875,79.62417449951172,80.66044769287109,80.58100204467773,84.58722015380859,83.72685394287109,76.72701116561889
2024-05-29,37.31179761327869,P,78.39503479003906,79.19047698974609,80.31468963623047,80.59049530029297,84.33923416137695,83.75020545959472,76.77469339370728
2024-05-30,38.00983624358485,P,78.51494598388672,79.03858184814453,80.04088134765625,80.62746925354004,84.08745300292969,83.77395713806152,76.82576986312866
2024-05-31,37.98777176675062,P,77.94535064697266,78.66884155273438,79.65515213012695,80.5540210723877,83.85364883422852,83.79251243591308,76.8731999015808
2024-06-03,37.416255824709836,P,77.095947265625,78.12922058105468,79.19547424316406,80.42161407470704,83.631826171875,83.80257369995117,76.91278978347778
2024-06-04,36.40533575457911,P,77.46568298339844,77.88339233398438,78.75378341674805,80.2262508392334,83.40161483764649,83.82831962585449,76.94838941574096
2024-06-05,35.78254268462454,P,76.90607452392578,77.58560028076172,78.3880386352539,80.01889610290527,83.13543731689452,83.87064613342285,76.98164022445678
2024-06-06,34.58717525178363,P,76.946044921875,77.27182006835938,78.15520095825195,79.73259658813477,82.85807189941406,83.9056803894043,77.014791431427
2024-06-07,33.60825469675472,P,76.28650665283203,76.94005126953125,77.80444641113282,79.37984352111816,82.56751571655273,83.92822547912597,77.05063348770142
2024-06-10,33.32001450500325,P,75.7269058227539,76.66624298095704,77.39773178100586,79.11752738952637,82.29333862304688,83.93988014221192,77.08367753982544
2024-06-11,32.61620802968691,P,74.68762969970703,76.11063232421876,76.99701232910157,78.82873001098633,82.02674606323242,83.95083183288574,77.11946004867553
2024-06-12,33.04017746234728,P,75.9167709350586,75.91277160644532,76.74918594360352,78.531937789917,81.76635559082031,83.99525260925293,77.1647818183899
2024-06-13,34.43972307020897,P,76.9360580444336,75.91077423095703,76.5912971496582,78.31608924865722,81.54772842407226,84.03668014526367,77.22058973312377
2024-06-14,36.14910430540133,P,76.4364013671875,75.94075317382813,76.44040222167969,78.04777717590332,81.30891876220703,84.07031410217286,77.27888986587524
2024-06-17,38.666114404573456,P,77.49567413330078,76.2945068359375,76.48037490844726,77.83792457580566,81.10647857666015,84.10225372314453,77.33390272140502
2024-06-18,42.31422734716358,P,78.21515655517578,77.00001220703125,76.555322265625,77.65455284118653,80.93381195068359,84.14518424987793,77.39860139846802
2024-06-19,45.156262643128315,P,78.21515655517578,77.45968933105469,76.68623046875,77.53713455200196,80.7921125793457,84.19450798034669,77.46764177322387
2024-06-20,47.39600159503572,A,79.38434600830078,77.94934692382813,76.93006057739258,77.54263076782226,80.61745635986328,84.24563407897949,77.53519205093384
2024-06-21,49.93055196354587,A,79.1145248413086,78.48497161865234,77.21286239624024,77.50865440368652,80.47596313476562,84.2984571838379,77.599247341156
2024-06-24,51.283560436797494,A,78.79474639892578,78.74478607177734,77.51964645385742,77.45868911743165,80.33107116699219,84.35307723999023,77.66245233535767
2024-06-25,51.32245703000089,A,78.75477600097656,78.8527099609375,77.92636108398438,77.46168670654296,80.19037460327148,84.32188766479493,77.72625597000122
2024-06-26,50.45133012548169,A,77.94535064697266,78.79874877929687,78.12921905517578,77.43920249938965,80.04727493286133,84.28390243530274,77.79155191421509
2024-06-27,49.556981265854915,A,78.76477813720703,78.67483520507812,78.31209106445313,77.45169410705566,79.92436126708985,84.25181396484375,77.8665343093872
2024-06-28,48.10492756473074,B,77.86540985107422,78.42501220703124,78.45499191284179,77.44769706726075,79.7930534362793,84.21792419433594,77.93482402801514
2024-07-01,45.29099608342488,B,76.2065658569336,77.90737609863281,78.32608108520508,77.40322799682617,79.63216629028321,84.14916526794434,77.98408996582032
2024-07-02,42.69094434620475,B,76.27651977539062,77.41172485351562,78.13221740722656,77.34376983642578,79.43410522460937,84.08969680786133,78.03505317687988
2024-07-03,41.30983854634594,B,77.18588256835938,77.25983123779297,78.02929000854492,77.35776023864746,79.24463806152343,84.03073104858399,78.08023292541503
2024-07-04,38.977152399279106,B,77.18588256835938,76.94405212402344,77.80944366455078,77.36975212097168,79.07056015014649,83.94719116210938,78.11792694091797
2024-07-05,37.36319937179271,B,77.0060043334961,76.77217102050781,77.59859161376953,77.40572700500488,78.88708877563477,83.8579566192627,78.16340496063232
2024-07-08,37.07071585216061,B,76.2965087890625,76.7901596069336,77.3487678527832,77.43420715332032,78.63546508789062,83.76162712097168,78.20633361816407
2024-07-09,38.749585218828,B,76.81614685058594,76.89808502197266,77.15490493774413,77.54063301086425,78.64805648803711,83.66679786682128,78.25615226745606
2024-07-10,41.22035413435012,C,79.08454895019531,77.27781829833984,77.26882476806641,77.69902191162109,78.66564407348633,83.60873779296875,78.31282154083252
2024-07-11,44.565288258578086,C,79.88399505615234,77.81744079589843,77.38074645996093,77.84641876220704,78.70781463623047,83.53210021972656,78.37488536834717
2024-07-12,47.79209207241581,C,80.22374725341797,78.46098937988282,77.61658020019532,78.03578605651856,78.72400329589844,83.4445751953125,78.4343561553955
2024-07-15,51.54351974766635,A,80.1338119506836,79.22845001220703,78.00930480957031,78.16769294738769,78.73179779052734,83.34066711425781,78.49667091369629
2024-07-16,54.877777973662376,A,82.58209228515625,80.38163909912109,78.63986206054688,78.38603973388672,78.75598068237305,83.24226188659668,78.56928077697754
2024-07-17,56.11344832945699,A,82.41222381591797,81.04717407226562,79.16249618530273,78.59589309692383,78.78316177368164,83.13716323852539,78.6430874633789
2024-07-18,55.799527397588655,A,80.92326354980469,81.2550277709961,79.53623428344727,78.67283897399902,78.74818634033203,83.03455665588379,78.7157872390747
2024-07-19,54.69098413463029,C,80.4134292602539,81.29296417236328,79.87697677612304,78.73778419494629,78.68962356567383,82.91246688842773,78.78289363861084
2024-07-22,54.41959073139544,C,81.20317077636719,81.5068359375,80.36764297485351,78.85820541381835,78.69422241210937,82.79817459106445,78.855146484375
2024-07-23,52.02856188468119,C,80.79330444335938,81.14907836914062,80.76535873413086,78.9601318359375,78.70081695556641,82.68897399902343,78.92574920654297
2024-07-24,49.12653520781762,C,79.66368103027344,80.59936981201172,80.82327194213867,79.04604835510254,78.65703826904297,82.55559074401856,78.99853885650634
2024-07-25,47.838958269121214,C,79.89360046386719,80.39343719482422,80.82423248291016,79.10248947143555,78.62984970092774,82.42890197753906,79.07122997283936
2024-07-26,47.760368946529816,C,80.4734115600586,80.40543365478516,80.84919891357421,79.23288955688477,78.6032650756836,82.29592407226562,79.15380994796753
2024-07-29,47.943799678827084,C,82.02289581298828,80.56937866210937,81.0381072998047,79.5237060546875,78.60986846923828,82.18713195800781,79.24443693161011
2024-07-30,48.965928146655756,C,82.6227035522461,80.93525848388671,81.04216842651367,79.84101524353028,78.62467071533203,82.09612548828125,79.33466791152954
2024-07-31,53.25877893488999,A,84.60204315185547,81.92293090820313,81.26115036010742,80.21182327270508,78.7054411315918,82.0582772064209,79.43559438705444
2024-08-01,56.74620150069352,A,83.37245178222656,82.618701171875,81.50606918334961,80.52115173339844,78.78740173339844,82.0096314239502,79.5333685874939
2024-08-02,59.63697801055552,A,83.41243743896484,83.20650634765624,81.8059700012207,80.84147338867187,78.85976943969726,81.95059684753419,79.63538684844971
2024-08-05,59.2920901507591,A,81.4930648803711,83.10054016113281,81.8349594116211,81.1013011932373,78.89374969482422,81.86038116455079,79.72745876312256
2024-08-06,58.541235370692924,A,81.52306365966797,82.88061218261718,81.90793533325196,81.3366470336914,78.95031448364257,81.76876731872558,79.80270523071289
2024-08-07,53.47377338534567,A,79.31378936767578,81.82296142578124,81.8729461669922,81.34810905456543,78.96868957519531,81.65396186828613,79.85836772918701
2024-08-08,51.171900362377905,A,82.29280853271484,81.6070327758789,82.11286697387695,81.46854972839355,79.04424682617187,81.56584991455078,79.92408226013184
2024-08-09,49.4651502216652,A,83.37245178222656,81.59903564453126,82.40277099609375,81.62598495483398,79.15278884887695,81.50321884155274,79.98361183166504
2024-08-12,49.24288559177731,A,82.3427963256836,81.76898193359375,82.43476104736328,81.73643417358399,79.25772583007813,81.44477600097656,80.04038967132568
2024-08-13,50.303248940186165,A,84.14219665527344,82.29280853271484,82.58671035766602,81.81443939208984,79.39125610351563,81.39643547058105,80.10811168670654
2024-08-14,53.2267275126975,A,83.44242858886719,83.11853637695313,82.47074890136719,81.8659496307373,79.52198318481446,81.3287102508545,80.17587970733642
2024-08-15,55.218923956333335,A,85.2718276977539,83.71434020996094,82.66068649291992,82.08337783813477,79.68849884033203,81.27328536987305,80.26118259429931
2024-08-16,56.01229722151425,A,84.77198791503906,83.99424743652344,82.79664154052735,82.30130577087402,79.85820846557617,81.21286209106445,80.33794502258301
2024-08-19,58.440038143433036,A,85.56172180175781,84.63803253173828,83.20350723266601,82.51923332214355,80.05490478515625,81.17412170410157,80.41620964050293
2024-08-20,58.31306115879975,A,83.91227722167969,84.59204864501953,83.44242858886719,82.67518196105956,80.2393977355957,81.13307189941406,80.47524295806885
2024-08-21,59.572066073161956,A,84.45209503173828,84.79398193359376,83.95625915527344,82.91460266113282,80.4101042175293,81.08822990417481,80.5404203414917
2024-08-22,58.41233871742053,A,84.34213256835938,84.60804290771485,84.16119155883788,83.13702926635742,80.55822570800781,81.05297706604004,80.60305088043214
2024-08-23,57.912277696658315,A,84.75199127197266,84.60404357910156,84.2991455078125,83.35095825195313,80.72453750610352,81.01672813415527,80.6623384475708
2024-08-26,55.797822639631306,A,84.46208953857422,84.38411712646484,84.51107482910156,83.47291793823243,80.86386581420898,80.98517219543457,80.71852893829346
2024-08-27,55.14117621312672,A,84.38211822509766,84.47808532714843,84.53506698608399,83.560888671875,80.98720504760742,80.9605084991455,80.77406993865966
2024-08-28,53.0368930094835,A,83.90227508544922,84.36812133789063,84.58105163574218,83.5259002685547,81.1009474182129,80.9465299987793,80.82611328125
2024-08-29,51.64387969760651,A,84.05223083496094,84.31014099121094,84.45909194946289,83.55988922119141,81.1943051147461,80.90588073730468,80.87890640258789
2024-08-30,50.92700923033879,A,84.79198455810547,84.3181396484375,84.46109161376953,83.62886657714844,81.30785430908203,80.89190872192383,80.93484909057617
2024-09-02,51.068338579115334,A,84.79198455810547,84.38411865234374,84.3841178894043,83.79381256103515,81.42779907226563,80.87943511962891,81.00362323760986
2024-09-03,52.006827703793704,P,84.77198791503906,84.46209259033203,84.47008895874023,83.95625877380371,81.54814331054688,80.86925895690918,81.08732566833496
2024-09-04,55.9133378338079,A,87.52108001708984,85.18585357666015,84.7769874572754,84.36662330627442,81.73965789794921,80.89346641540527,81.18687046051025
2024-09-05,59.53326798584823,A,87.26116943359375,85.82764129638672,85.06889114379882,84.61504135131835,81.90958572387696,80.9169734954834,81.28137115478516
2024-09-06,60.431278896677895,A,85.0618896484375,85.88162231445312,85.09988098144531,84.6995132446289,82.05351531982421,80.92328437805176,81.36013229370117
2024-09-09,61.265188777966124,A,85.09188842773438,85.94160308837891,85.16286087036133,84.83696784973145,82.23122177124023,80.93169403076172,81.43924312591552
2024-09-10,61.61853145089355,A,85.52174377441406,86.0915542602539,85.27682342529297,84.90594520568848,82.4161262512207,80.92511573791504,81.5276927947998
2024-09-11,60.210402660163716,A,87.16120147705078,86.01957855224609,85.60271606445312,85.09188385009766,82.61563262939453,80.93013534545898,81.6237406539917
2024-09-12,59.62869792439606,A,87.43110656738281,86.0535659790039,85.94060363769532,85.1998477935791,82.820537109375,80.94554862976074,81.72443328857422
2024-09-13,60.85788254226238,A,86.88129425048828,86.41744689941406,86.1495346069336,85.30531311035156,83.01804290771484,80.95256584167481,81.8167350769043
2024-09-16,61.03314429147499,A,86.61138153076172,86.72134552001953,86.33147430419922,85.35779609680176,83.22434036254883,80.92990272521973,81.89465606689453
2024-09-17,62.001589670465755,A,86.7613296508789,86.9692626953125,86.5304084777832,85.50024871826172,83.42324401855468,81.0356502532959,81.96873348236085
2024-09-18,62.08155855926956,A,88.5007553100586,87.23717346191407,86.62837600708008,85.70268173217774,83.61156814575196,81.13860610961915,82.04087341308593
2024-09-19,63.37931977332179,A,90.5900650024414,87.86896514892578,86.96126556396484,86.01507835388183,83.82568954467773,81.2667520904541,82.11477249145508
2024-09-20,65.03252763993355,A,90.25017547607422,88.54274139404296,87.48009414672852,86.28998756408691,84.02621810913087,81.37511070251465,82.19151550292969
2024-09-23,67.89560659776734,A,90.8499755859375,89.39046020507813,88.05590286254883,86.60938186645508,84.24054138183594,81.48616958618165,82.27100791931153
2024-09-24,70.30419553589714,A,92.1795425415039,90.47410278320312,88.72168273925782,86.99925308227539,84.4324903869629,81.59423553466797,82.35400272369385
2024-09-25,72.9368610311735,A,92.97927856445312,91.36980743408203,89.30349044799804,87.45310325622559,84.64383148193359,81.71349662780761,82.44224437713623
2024-09-26,73.15936301587793,A,92.45944213867188,91.74368286132812,89.80632400512695,87.87346382141114,84.87455505371094,81.81137069702149,82.5191495513916
2024-09-27,72.88541597911569,A,91.95960998535156,92.0855697631836,90.31415557861328,88.23184509277344,85.1054786682129,81.89755111694336,82.5916083908081
2024-09-30,73.53692150390197,A,93.81900024414062,92.67937469482422,91.03491744995117,88.68319587707519,85.35779525756836,82.02600883483886,82.67336418151855
2024-10-01,71.74844110485564,A,91.63971710205078,92.5714096069336,91.52275619506835,89.02658233642578,85.57472351074219,82.1377702331543,82.74142757415771
2024-10-02,68.68406691027279,A,91.00992584228516,92.1775390625,91.77367324829102,89.20102462768554,85.80164840698242,82.2293433380127,82.80868858337402
2024-10-03,65.54362230355616,A,89.85030364990234,91.6557113647461,91.6996971130371,89.33048133850097,86.00078247070313,82.31531608581543,82.87080059051513
2024-10-04,64.23724955398482,A,91.38980102539062,91.5417495727539,91.81365966796875,89.64687690734863,86.21911026000977,82.41118766784668,82.94170845031738
2024-10-07,59.825873312232716,A,90.0302505493164,90.78399963378907,91.73168716430663,89.89379501342773,86.37925735473632,82.4945629119873,83.00581855773926
2024-10-08,58.00151108194857,A,90.66004180908205,90.58806457519532,91.57973709106446,90.15070991516113,86.54000411987305,82.58233741760255,83.07782073974609
2024-10-09,57.173458365967036,P,90.7400131225586,90.53408203125,91.355810546875,90.32965049743652,86.66276351928711,82.68410232543945,83.15152091979981
2024-10-10,57.518260526966344,P,90.22018432617188,90.60805816650391,91.131884765625,90.46910438537597,86.79971817016602,82.79355995178223,83.22032531738282
2024-10-11,56.755043972650576,P,90.99993133544922,90.53008422851562,91.03591690063476,90.67503623962402,86.9514680480957,82.90561874389648,83.2927787399292
2024-10-14,58.15902831130537,A,91.58973693847656,90.84198150634765,90.81299057006837,90.92395401000977,87.15340148925782,83.02357559204101,83.36448657989501
2024-10-15,58.635032844428366,A,90.68003845214844,90.84598083496094,90.71702270507812,91.11988945007325,87.33654098510742,83.143427734375,83.43514083862304
2024-10-16,59.14026579355456,A,90.19020080566406,90.73601837158203,90.63505020141602,91.20436172485351,87.5540692138672,83.26137939453125,83.50579242706299
2024-10-17,59.84105196610427,A,90.79000091552734,90.84998168945313,90.72901992797851,91.21435852050782,87.72401306152344,83.38412994384765,83.57904354095459
2024-10-18,60.10141566717696,A,91.33999633789062,90.91799468994141,90.72403945922852,91.26884956359864,87.88336395263671,83.51807640075684,83.65529441833496
2024-10-21,58.91143947239842,P,89.80000305175781,90.56004791259765,90.70101470947266,91.21635093688965,88.0325080871582,83.64511695861816,83.72384532928467
2024-10-22,57.47688627895462,P,89.30999755859375,90.28603973388672,90.56601028442383,91.07287368774413,88.13586410522461,83.76356010437011,83.7959398651123
2024-10-23,56.539059782168785,P,89.29000091552734,90.10599975585937,90.4210090637207,90.88840980529785,88.2528155517578,83.88739936828614,83.87902275085449
2024-10-24,54.824546962551516,P,88.9000015258789,89.72799987792969,90.2889907836914,90.7104377746582,88.32537902832031,84.00693893432617,83.95630966186523
2024-10-25,52.61751605249754,P,88.41999816894531,89.14400024414063,90.03099746704102,90.5334571838379,88.39833923339843,84.1282738494873,84.02824966430664
2024-10-28,49.36055432775512,P,85.93000030517578,88.36999969482422,89.46502380371093,90.13900718688964,88.40570480346679,84.23030479431152,84.08509246826172
2024-10-29,46.95612535414751,P,85.2699966430664,87.56199951171875,88.92401962280273,89.82052116394043,88.43285919189454,84.33612846374511,84.14348014831543
2024-10-30,45.953909737180815,P,87.19999694824219,87.14399871826171,88.62499923706055,89.63002471923828,88.4878172302246,84.44896072387695,84.22210666656494
2024-10-31,45.476314582169806,P,87.3499984741211,86.83399810791016,88.28099899291992,89.50500946044922,88.54797454833984,84.55310012817382,84.29489013671875
2024-11-01,45.02442304019368,P,86.94999694824219,86.53999786376953,87.84199905395508,89.2830192565918,88.59193466186524,84.65823608398438,84.36427509307862
