Date,GRADE,GPS,KVUE,MA 5,MA 10,MA 20,MA 50,MA 100,MA 200
2023-05-04,,,25.605199813842773,,,,,,
2023-05-05,,,25.224454879760746,,,,,,
2023-05-08,,,25.23397445678711,,,,,,
2023-05-09,,,25.015047073364254,,,,,,
2023-05-10,,,24.986486434936523,25.213032531738282,,,,,
2023-05-11,,,24.748523712158203,25.041697311401368,,,,,
2023-05-12,,,25.224454879760746,25.041697311401368,,,,,
2023-05-15,,,26.17632102966309,25.230166625976562,,,,,
2023-05-16,,,25.728944778442383,25.372946166992186,,,,,
2023-05-17,,,25.90979766845703,25.55760841369629,25.385320472717286,,,,
2023-05-18,,,25.73846435546875,25.755596542358397,25.398646926879884,,,,
2023-05-19,,,25.91931533813477,25.894568634033202,25.468132972717285,,,,
2023-05-22,,,24.81515312194824,25.622335052490236,25.426250839233397,,,,
2023-05-23,,,24.748523712158203,25.426250839233397,25.39959850311279,,,,
2023-05-24,,,25.17686462402344,25.279664230346683,25.418636322021484,,,,
2023-05-25,,,25.062639236450195,25.144499206542967,25.450047874450682,,,,
2023-05-26,,,25.034082412719727,24.967452621459962,25.43101062774658,,,,
2023-05-29,,,25.034082412719727,25.011238479614256,25.316786766052246,,,,
2023-05-30,,,24.491518020629883,24.959837341308592,25.193044090270995,,,,
2023-05-31,,,23.88232421875,24.700929260253908,24.99029674530029,25.18780860900879,,,
2023-06-01,,,24.063180923461918,24.50103759765625,24.82276840209961,25.110707664489745,,,
2023-06-02,,,24.320180892944336,24.358257293701172,24.662854957580567,25.065493965148924,,,
2023-06-05,,,23.939434051513672,24.139327621459962,24.57528305053711,25.000766944885253,,,
2023-06-06,,,23.958471298217773,24.03271827697754,24.496277809143066,24.94793815612793,,,
2023-06-07,,,23.872802734375,24.03081398010254,24.365871620178222,24.892253971099855,,,
2023-06-08,,,23.90136337280273,23.998450469970702,24.249744033813478,24.84989595413208,,,
2023-06-09,,,23.89184188842773,23.912782669067383,24.135519981384277,24.78326530456543,,,
2023-06-12,,,23.815692901611328,23.888034439086915,24.01368103027344,24.665233898162843,,,
2023-06-13,,,23.92040061950684,23.880420303344728,23.956569290161134,24.574806690216064,,,
2023-06-14,,,24.120290756225582,23.929917907714845,23.98036594390869,24.485331344604493,,,
2023-06-15,,,24.510555267333984,24.051756286621092,24.0251033782959,24.423935890197754,,,
2023-06-16,,,24.986486434936523,24.27068519592285,24.091733932495117,24.37729444503784,,,
2023-06-19,,,24.986486434936523,24.50484390258789,24.1964391708374,24.385861110687255,,,
2023-06-20,,,24.80563163757324,24.68189010620117,24.28115520477295,24.38871650695801,,,
2023-06-21,,,24.93889617919922,24.8456111907959,24.387764549255373,24.376818084716795,,,
2023-06-22,,,25.272048950195312,24.997909927368163,24.524833106994627,24.387288570404053,,,
2023-06-23,,,25.205415725708008,25.04169578552246,24.656190490722658,24.395855236053468,,,
2023-06-26,,,24.891300201416016,25.02265853881836,24.763751220703124,24.38871612548828,,,
2023-06-27,,,24.64381599426269,24.99029541015625,24.83609275817871,24.39633102416992,,,
2023-06-28,,,24.558149337768555,24.91414604187012,24.87987861633301,24.430122280120848,,,
2023-06-29,,,24.739002227783203,24.807536697387697,24.90272331237793,24.463913345336913,,,
2023-06-30,,,25.148305892944336,24.79611473083496,24.91890525817871,24.505319595336914,,,
2023-07-03,,,24.786598205566406,24.77517433166504,24.8989164352417,24.54767780303955,,,
2023-07-04,,,24.786598205566406,24.803730773925782,24.897013092041014,24.589084148406982,,,
2023-07-05,,,24.462963104248047,24.78469352722168,24.849419784545898,24.618592166900633,,,
2023-07-06,,,24.38681411743164,24.71425590515137,24.760896301269533,24.64286470413208,,,
2023-07-07,,,24.006065368652344,24.485807800292967,24.640961265563966,24.648575878143312,,,
2023-07-10,,,24.03462219238281,24.33541259765625,24.555293464660643,24.659522342681885,,,
2023-07-11,,,23.872802734375,24.15265350341797,24.478192138671876,24.657142448425294,,,
2023-07-12,,,24.03462219238281,24.06698532104492,24.4258394241333,24.652859020233155,24.732340240478514,,
2023-07-13,,,24.177400588989254,24.02510261535644,24.369679260253907,24.636201286315917,24.703784255981446,,
2023-07-14,,,23.73954391479492,23.97179832458496,24.228803062438963,24.573854160308837,24.67408603668213,,
2023-07-17,,,23.69194793701172,23.90326347351074,24.119338035583496,24.5091272354126,24.643245506286622,,
2023-07-18,,,23.615800857543945,23.851863098144527,24.00225830078125,24.449635696411132,24.615260581970215,,
2023-07-19,,,23.796655654907227,23.804269790649414,23.93562755584717,24.392523670196532,24.59146396636963,,
2023-07-20,,,23.33024406433105,23.634838485717772,23.829970550537105,24.29543342590332,24.563098373413087,,
2023-07-21,,,22.85430908203125,23.45779151916504,23.714794921874997,24.17787809371948,24.515695457458495,,
2023-07-24,,,22.99708747863769,23.318819427490233,23.611041450500487,24.083167457580565,24.452110786437988,,
2023-07-25,,,23.91088104248047,23.37783546447754,23.61484928131103,24.046520709991455,24.41574951171875,,
2023-07-26,,,23.501577377319336,23.31881980895996,23.561544799804686,23.993692111968993,24.367585105895998,,
2023-07-27,,,23.0732364654541,23.26741828918457,23.45112838745117,23.91040382385254,24.314280548095702,,
2023-07-28,,,23.225534439086918,23.341663360595703,23.399727439880373,23.814265251159668,24.260404930114746,,
2023-07-31,,,22.540191650390625,23.25028419494629,23.28455181121826,23.70194492340088,24.214905700683595,,
2023-08-01,,,22.51163673400879,22.970435333251952,23.174135398864745,23.588196849823,24.170167961120605,,
2023-08-02,,,22.749601364135746,22.820040130615233,23.0694299697876,23.502528762817384,24.121622695922852,,
2023-08-03,,,22.83527183532715,22.772447204589845,23.019932746887207,23.42495164871216,24.07707534790039,,
2023-08-04,,,22.39741516113281,22.606823348999022,22.974243354797363,23.34451913833618,24.024342002868654,,
2023-08-07,,,22.406930923461918,22.580171203613283,22.915227699279786,23.263134574890138,23.971798973083494,,
2023-08-08,,,22.25463104248047,22.52877006530762,22.749602699279784,23.18222599029541,23.927061233520508,,
2023-08-09,,,22.226076126098636,22.424065017700194,22.622052574157717,23.0917986869812,23.89393627166748,,
2023-08-10,,,22.245115280151367,22.30603370666504,22.539240455627443,22.995184421539307,23.85757495880127,,
2023-08-11,,,22.57826805114746,22.342204284667968,22.4745138168335,22.937120628356933,23.822736701965333,,
2023-08-14,,,21.835811614990234,22.227980422973634,22.40407581329346,22.84431381225586,23.780664253234864,,
2023-08-15,,,22.14040756225586,22.20513572692871,22.366952896118168,22.770544147491456,23.744302978515623,,
2023-08-16,,,21.8262939453125,22.125179290771484,22.27462215423584,22.672026062011717,23.703372802734375,,
2023-08-17,,,21.683513641357425,22.012858963012697,22.15944633483887,22.589689540863038,23.65901580810547,,
2023-08-18,,,21.769182205200195,21.851041793823242,22.096623039245607,22.535433197021483,23.61656261444092,,
2023-08-21,,,21.7977352142334,21.843426513671876,22.035703468322755,22.47546558380127,23.57620346069336,,
2023-08-22,,,22.59730339050293,21.93480567932129,22.069970703125,22.409786701202393,23.549741516113283,,
2023-08-23,,,22.483081817626957,22.066163253784183,22.095671272277833,22.358861923217773,23.51699733734131,,
2023-08-24,,,22.521154403686523,22.23369140625,22.123275184631346,22.331257820129395,23.477209320068358,,
2023-08-25,,,22.050764083862305,22.29000778198242,22.070524787902833,22.272519302368163,23.418494873046875,,
2023-08-28,,,22.050764083862305,22.340613555908202,22.09202003479004,22.24804792404175,23.35978042602539,,
2023-08-29,,,21.945167541503903,22.210186386108397,22.072496032714845,22.219724464416505,23.302571144104004,,
2023-08-30,,,22.14676094055176,22.14292221069336,22.10454273223877,22.189582443237306,23.246728439331054,,
2023-08-31,,,22.127561569213867,22.064203643798827,22.148947525024415,22.15419692993164,23.183838691711426,,
2023-09-01,,,22.04116439819336,22.06228370666504,22.17614574432373,22.136384391784667,23.120553665161133,,
2023-09-04,,,22.04116439819336,22.06036376953125,22.200488662719728,22.11809606552124,23.06355094909668,,
2023-09-05,,,21.705171585083008,22.01236457824707,22.111275482177735,22.090623092651366,23.004778060913086,,
2023-09-06,,,21.484375,21.87988739013672,22.01140480041504,22.053538036346435,22.943302574157716,,
2023-09-07,,,20.150001525878903,21.484375381469725,21.774289512634276,21.94878234863281,22.85152256011963,,
2023-09-08,,,20.44759559631348,21.16566162109375,21.613972663879395,21.842248725891114,22.75750835418701,,
2023-09-11,,,21.18678092956543,20.994784927368165,21.527574348449708,21.80979719161987,22.685512008666993,,
2023-09-12,,,20.217199325561523,20.697190475463866,21.354777526855468,21.713636779785155,22.594124031066894,,
2023-09-13,,,20.73559188842773,20.547433853149414,21.213660621643065,21.659101676940917,22.519576606750487,,
2023-09-14,,,20.869985580444336,20.6914306640625,21.087903022766113,21.618425273895262,22.449240036010742,,
2023-09-15,,,20.37079620361328,20.676070785522462,20.920866203308105,21.548505973815917,22.37653465270996,,
2023-09-18,,,20.236400604248047,20.485994720458983,20.740389823913574,21.47043924331665,22.300570220947264,,
2023-09-19,,,20.217199325561523,20.485994720458983,20.591592597961426,21.35143404006958,22.227458152770996,,
2023-09-20,,,20.05400276184082,20.349676895141602,20.448555374145506,21.229980087280275,22.147845764160156,23.440093002319337,
2023-09-21,,,20.006004333496094,20.176880645751954,20.434155654907226,21.104222583770753,22.064417839050293,23.38410104751587,
2023-09-22,,,19.72760963439941,20.048243331909177,20.36215705871582,20.98806486129761,21.984179153442383,23.329132595062255,
2023-09-25,,,19.99640655517578,20.000244522094725,20.243119621276854,20.885346984863283,21.910268325805664,23.276756916046143,
2023-09-26,,,19.814010620117188,19.91960678100586,20.202800750732422,20.778789138793947,21.834232521057128,23.22474655151367,
2023-09-27,,,19.41081428527832,19.79096908569336,20.07032299041748,20.641991806030273,21.746515693664552,23.16898983001709,
2023-09-28,,,19.30521774291992,19.650811767578126,19.91384620666504,20.500874614715578,21.666015167236328,23.114556770324707,
2023-09-29,,,19.276416778564453,19.560573196411134,19.804408264160156,20.36263723373413,21.594457321166992,23.055076389312745,
2023-10-02,,,19.50681495666504,19.462654876708985,19.731449699401857,20.235919761657716,21.52465187072754,22.988381328582765,
2023-10-03,,,19.190019607543945,19.337856674194335,19.628731727600098,20.11016216278076,21.430234642028807,22.92299207687378,
2023-10-04,,,18.94042587280273,19.24377899169922,19.517374038696286,19.982964706420898,21.339011611938478,22.853298358917236,
2023-10-05,,,18.96922492980957,19.17658042907715,19.413696098327634,19.92392587661743,21.256931381225584,22.785605964660643,
2023-10-06,,,19.266817092895508,19.17466049194336,19.367616844177242,19.864886951446532,21.17775703430176,22.71908098220825,
2023-10-09,,,19.074825286865234,19.0882625579834,19.27545871734619,19.759289169311522,21.10844970703125,22.66167770385742,
2023-10-10,,,18.902027130126957,19.0306640625,19.184260368347168,19.693530559539795,21.036257514953615,22.603212738037108,
2023-10-11,,,18.786828994750977,18.99994468688965,19.121861839294432,19.596092414855956,20.957002067565917,22.539312381744384,
2023-10-12,,,18.54683303833008,18.91546630859375,19.04602336883545,19.479934787750246,20.871233291625977,22.474154319763183,
2023-10-13,,,18.594831466674805,18.781069183349608,18.977864837646486,19.39113655090332,20.795181617736816,22.409761810302733,
2023-10-16,,,18.758031845092773,18.717710494995117,18.902986526489258,19.317218112945557,20.722203636169432,22.347001304626463,
2023-10-17,,,18.988426208496094,18.734990310668945,18.88282718658447,19.255779457092284,20.656879539489747,22.291970386505128,
2023-10-18,,,19.25721740722656,18.829067993164063,18.914506340026854,19.21594018936157,20.597502365112305,22.24571931838989,
2023-10-19,,,19.04602432250977,18.92890625,18.922186279296877,19.167941188812257,20.533520545959473,22.19554775238037,
2023-10-20,,,18.950023651123047,18.99994468688965,18.89050693511963,19.129061889648437,20.460955657958984,22.141846179962158,
2023-10-23,,,18.892427444458008,19.026823806762696,18.87226715087891,19.073862934112547,20.40208797454834,22.091376113891602,
2023-10-24,,,19.180421829223636,19.065222930908202,18.900106620788574,19.042183494567873,20.342888259887694,22.04359561920166,
2023-10-25,,,18.94042587280273,19.001864624023437,18.91546630859375,19.01866407394409,20.2851708984375,21.99427185058594,
2023-10-26,,,17.942047119140625,18.781069183349608,18.854987716674806,18.950505542755128,20.210341567993165,21.934678688049317,
2023-10-27,,,17.48125457763672,18.487315368652343,18.743630027770998,18.86074743270874,20.124583015441896,21.870572814941408,
2023-10-30,,,17.894044876098633,18.287638854980468,18.657231330871582,18.78010892868042,20.0465092086792,21.81135633468628,
2023-10-31,,,17.855648040771484,18.02268409729004,18.543953514099123,18.713390350341797,19.95167610168457,21.750708808898924,
2023-11-01,,,18.124441146850582,17.85948715209961,18.430675888061522,18.672591114044188,19.86450328826904,21.690750312805175,
2023-11-02,,,18.460433959960938,17.96316452026367,18.37211685180664,18.64715156555176,19.783288879394533,21.630249099731444,
2023-11-03,,,18.594831466674805,18.18587989807129,18.336597633361816,18.613552284240722,19.714170227050783,21.566332550048827,
2023-11-06,,,18.575632095336918,18.322197341918944,18.304918098449708,18.588592624664308,19.644667587280274,21.50222400665283,
2023-11-07,,,19.012136459350582,18.553495025634767,18.288089561462403,18.59409809112549,19.586006965637207,21.444289054870605,
2023-11-08,,,18.5853328704834,18.64567337036133,18.25258026123047,18.58402328491211,19.51477840423584,21.380753421783446,
2023-11-09,,,18.643531799316406,18.682292938232422,18.32272872924805,18.588858222961427,19.44509780883789,21.314468250274658,
2023-11-10,,,18.575634002685547,18.67845344543457,18.43216667175293,18.587898349761964,19.375787200927736,21.248170433044432,
2023-11-13,,,18.52713394165039,18.668753814697265,18.495475578308106,18.576353454589842,19.305506591796874,21.18452877044678,
2023-11-14,,,18.82783508300781,18.63189353942871,18.592694282531735,18.56832389831543,19.247959861755373,21.12636896133423,
2023-11-15,,,19.012136459350582,18.71725425720215,18.68146381378174,18.55606985092163,19.198515090942383,21.07090883255005,
2023-11-16,,,19.02183723449707,18.79291534423828,18.73760414123535,18.554860496520995,19.175951805114746,21.013737182617188,
2023-11-17,,,19.08973693847656,18.89573593139648,18.78709468841553,18.56184616088867,19.14879463195801,20.95315149307251,
2023-11-20,,,19.15763664245605,19.021836471557613,18.845295143127437,18.575106620788574,19.10821174621582,20.896861877441406,
2023-11-21,,,19.30313873291016,19.116897201538084,18.8743953704834,18.5812424659729,19.089930534362793,20.842027282714845,
2023-11-22,,,19.438940048217773,19.202257919311524,18.959756088256835,18.60616817474365,19.063997497558592,20.79178705215454,
2023-11-23,,,19.438940048217773,19.285678482055665,19.039296913146973,18.68101282119751,19.03537658691406,20.742308311462402,
2023-11-24,,,19.642641067504883,19.396259307861328,19.145997619628908,18.78908214569092,19.020813484191894,20.698674068450927,
2023-11-27,,,19.555339813232425,19.4757999420166,19.24881820678711,18.872146892547608,19.007192268371583,20.653881244659424,
2023-11-28,,,19.555339813232425,19.52624015808106,19.32156867980957,18.957131481170656,18.993955078125,20.610706615448,
2023-11-29,,,19.47773742675781,19.533999633789062,19.368128776550293,19.024796295166016,18.98242977142334,20.565137767791747,
2023-11-30,,,19.826942443847656,19.61160011291504,19.44863929748535,19.09312171936035,18.97884853363037,20.52163318634033,
2023-12-01,,,20.06944465637207,19.696960830688475,19.5466100692749,19.166852378845213,18.985685234069823,20.484932193756105,
2023-12-04,,,20.001543045043945,19.78620147705078,19.63100070953369,19.238147926330566,18.98578796386719,20.448028144836425,
2023-12-05,,,19.565040588378903,19.788141632080077,19.657190895080568,19.265793132781983,18.980808563232422,20.407520542144777,
2023-12-06,,,18.808433532714844,19.654280853271484,19.594140243530273,19.276948165893554,18.968760948181153,20.357638320922852,
2023-12-07,,,20.18584442138672,19.726061248779295,19.66883068084717,19.35406379699707,18.986373481750487,20.326194324493407,
2023-12-08,,,19.991844177246094,19.7105411529541,19.703750991821288,19.424874305725098,19.00068202972412,20.29756967544556,
2023-12-11,,,19.972442626953125,19.70472106933594,19.74546127319336,19.497139739990235,19.00999458312988,20.26732322692871,
2023-12-12,,,20.12764549255371,19.817242050170897,19.802691841125487,19.56213026046753,19.028747100830078,20.229490871429444,
2023-12-13,,,20.4089469909668,20.137344741821288,19.895812797546387,19.63197078704834,19.05811752319336,20.198564567565917,
2023-12-14,,,20.4283447265625,20.185844802856444,19.95595302581787,19.70229616165161,19.08729991912842,20.172115650177002,
2023-12-15,,,20.360445022583008,20.25956497192383,19.985053062438965,19.765831565856935,19.10917247772217,20.143464756011962,
2023-12-18,,,20.379844665527344,20.341045379638672,20.022883224487305,19.826941967010498,19.13527286529541,20.12186128616333,
2023-12-19,,,20.826047897338867,20.480725860595705,20.1489839553833,19.903087425231934,19.173753280639648,20.10500539779663,
2023-12-20,,,20.321645736694336,20.46326560974121,20.30030517578125,19.94722270965576,19.204449615478516,20.080725841522217,
2023-12-21,,,20.583545684814453,20.4943058013916,20.340075302124024,20.004452991485596,19.245183868408205,20.05820858001709,
2023-12-22,,,20.719348907470703,20.56608657836914,20.412825775146484,20.058288383483887,19.287674217224122,20.04142791748047,
2023-12-25,,,20.719348907470703,20.633987426757812,20.487516403198242,20.1164888381958,19.326900558471678,20.024552097320555,
2023-12-26,,,20.65144920349121,20.59906768798828,20.539896774291993,20.17129430770874,19.36016101837158,20.008520278930664,
2023-12-27,,,20.903648376464844,20.715468215942384,20.589366912841797,20.24258985519409,19.393089637756347,19.995296001434326,
2023-12-28,,,20.826047897338867,20.763968658447265,20.629137229919433,20.292545127868653,19.42869010925293,19.9811053276062,
2023-12-29,,,20.88425064086914,20.796949005126955,20.681517791748046,20.333285427093507,19.46737464904785,19.96416515350342,
2024-01-01,,,20.88425064086914,20.82992935180664,20.731958389282227,20.377420806884764,19.507211112976073,19.95464954376221,
2024-01-02,,,20.92304992675781,20.88424949645996,20.74165859222412,20.44532127380371,19.54206367492676,19.942475967407226,
2024-01-03,,,20.632049560546875,20.829929733276366,20.772698974609376,20.536502075195312,19.57589614868164,19.93053352355957,
2024-01-04,,,20.273143768310547,20.719348907470703,20.741658782958986,20.540867042541503,19.62251808166504,19.916429824829102,
2024-01-05,,,20.70965003967285,20.684428787231447,20.7406888961792,20.57675733566284,19.68708599090576,19.90583450317383,
2024-01-08,,,20.981250762939453,20.703828811645508,20.766879081726074,20.627197742462158,19.74883010864258,19.897669658660888,
2024-01-09,,,21.19465065002441,20.75814895629883,20.821199226379395,20.680548000335694,19.815610160827635,19.883643131256104,
2024-01-10,,,21.11705017089844,20.85514907836914,20.842539405822755,20.715953159332276,19.875462341308594,19.86998281478882,
2024-01-11,,,21.272253036499023,21.054970932006835,20.88715991973877,20.7581485748291,19.931698722839357,19.857493801116945,
2024-01-12,,,20.864850997924805,21.086011123657226,20.885219955444335,20.783368873596192,19.977099113464355,19.845634670257567,
2024-01-15,,,20.864850997924805,21.062731170654295,20.8832799911499,20.807619190216066,20.02288349151611,19.833775539398193,
2024-01-16,,,20.593246459960938,20.942450332641602,20.850299644470216,20.79597911834717,20.05450569152832,19.820256328582765,
2024-01-17,,,20.350744247436523,20.78918914794922,20.82216911315918,20.797434043884277,20.08981391906738,19.80229616165161,
2024-01-18,,,20.31194496154785,20.597127532958986,20.82604923248291,20.783854007720947,20.12318218231201,19.78413999557495,
2024-01-19,,,20.088842391967773,20.44192581176758,20.763968467712402,20.7523286819458,20.153446350097656,19.764616775512696,
2024-01-22,,,19.826942443847656,20.23434410095215,20.648537635803223,20.70770835876465,20.179442520141603,19.74247455596924,
2024-01-23,,,20.28284454345703,20.17226371765137,20.557357025146484,20.68927812576294,20.208542709350585,19.72825128555298,
2024-01-24,,,19.81724166870117,20.065563201904297,20.427376174926756,20.634957790374756,20.224644813537598,19.71157995223999,
2024-01-25,,,20.12764549255371,20.02870330810547,20.312915420532228,20.6000376701355,20.24676097869873,19.711356391906737,
2024-01-26,,,20.21494483947754,20.05392379760742,20.2479248046875,20.566572380065917,20.26926513671875,19.709029884338378,
2024-01-29,,,20.4089469909668,20.17032470703125,20.2023344039917,20.542807197570802,20.294291343688965,19.70125154495239,
2024-01-30,,,20.24404525756836,20.162564849853517,20.167414283752443,20.508856964111327,20.313109474182127,19.70152000427246,
2024-01-31,,,20.13734436035156,20.226585388183594,20.146074295043945,20.48412170410156,20.327077560424804,19.6955375289917,
2024-02-01,,,20.26344490051269,20.25374526977539,20.14122428894043,20.48363676071167,20.343567657470704,19.689472122192385,
2024-02-02,,,20.205245971679688,20.25180549621582,20.15286464691162,20.45841655731201,20.3548197555542,19.687816619873047,
2024-02-05,,,19.865741729736328,20.143164443969727,20.15674457550049,20.402641105651853,20.361027793884276,19.68411003112793,
2024-02-06,,,19.98214340209961,20.090784072875977,20.126674461364747,20.342015743255615,20.369563865661622,19.68175947189331,
2024-02-07,,,19.904542922973636,20.04422378540039,20.135404586791992,20.281390380859374,20.378099975585936,19.68026487350464,21.56017893791199
2024-02-08,,,18.750232696533203,19.74158134460449,19.997663307189942,20.155289363861083,20.35656578063965,19.66770715713501,21.52590410232544
2024-02-09,,,18.750232696533203,19.450578689575195,19.85119209289551,20.049558448791505,20.330181541442872,19.657933387756348,21.493532991409303
2024-02-12,,,19.0024356842041,19.27791748046875,19.710540962219238,19.95643768310547,20.310199394226075,19.647993679046632,21.462375297546387
2024-02-13,,,18.865232467651367,19.0545352935791,19.57265968322754,19.87003698348999,20.296203231811525,19.638505897521974,21.43162622451782
2024-02-14,19.123233511844994,B,18.708431243896484,18.815312957763673,19.429768371582032,19.787921333312987,20.294203186035155,19.631482067108156,21.40023594856262
2024-02-15,20.99925223101553,B,18.66923141479492,18.799112701416014,19.270347023010252,19.70578565597534,20.26387092590332,19.625122203826905,21.369839487075804
2024-02-16,22.63531489752845,B,18.66923141479492,18.78291244506836,19.11674556732178,19.634805107116698,20.237418670654296,19.61905035018921,21.337063369750975
2024-02-19,23.16786723325419,B,18.66923141479492,18.71627159118652,18.997094535827635,19.57691955566406,20.211354446411132,19.61067451477051,21.299527921676635
2024-02-20,23.707244099527628,B,18.67902946472168,18.679030990600584,18.866783142089844,19.496728801727294,20.18238212585449,19.605564613342285,21.264278345108032
2024-02-21,25.14631371654755,B,18.914234161376957,18.72019157409668,18.767752265930177,19.451578426361085,20.152487869262696,19.605302696228026,21.229300527572633
2024-02-22,26.47304715112985,B,18.806434631347656,18.747632217407226,18.773372459411622,19.385517883300782,20.120049667358398,19.603674793243407,21.194640378952027
2024-02-23,27.52081081860049,B,18.796632766723636,18.773112487792968,18.778012466430663,19.314602279663085,20.08877342224121,19.59897294998169,21.15902696609497
2024-02-26,28.183937486870576,B,18.561431884765625,18.751552581787113,18.733912086486818,19.222226524353026,20.052405166625977,19.593839015960693,21.12775835990906
2024-02-27,28.86430593374503,B,18.541828155517575,18.72411231994629,18.701571655273437,19.137115669250484,20.00672077178955,19.5902370262146,21.096724882125855
2024-02-28,29.152022805485203,B,18.75743103027344,18.69275169372559,18.706471633911132,19.068120002746582,19.975436477661134,19.589943046569825,21.064627714157105
2024-02-29,28.72204235610074,B,18.620229721069336,18.655510711669923,18.701571464538574,18.985959243774413,19.93617015838623,19.590677013397215,21.0324156665802
2024-03-01,27.93477552132495,B,18.443828582763672,18.58494987487793,18.67903118133545,18.897888374328613,19.89065975189209,19.589166984558105,20.99946439743042
2024-03-04,28.511610867306814,B,18.581029891967773,18.588869476318358,18.670211029052734,18.833652782440186,19.847893371582032,19.587396965026855,20.96719913482666
2024-03-05,29.287320685085206,B,18.63003158569336,18.606510162353516,18.6653112411499,18.766047191619872,19.807465019226075,19.58381301879883,20.937891702651978
2024-03-06,30.800348569672053,B,19.18863677978516,18.692751312255858,18.692751502990724,18.73025188446045,19.77316478729248,19.583127212524413,20.914423265457152
2024-03-07,34.16057535676144,C,19.404239654541016,18.849553298950195,18.75253200531006,18.76295223236084,19.744728622436522,19.586709365844726,20.89112855911255
2024-03-08,38.82563955001118,C,19.619842529296875,19.084756088256835,18.834852981567384,18.806432723999023,19.719440460205078,19.593407554626467,20.867626867294312
2024-03-11,43.156469875702186,C,19.74724578857422,19.317999267578124,18.95343437194824,18.84367322921753,19.69670036315918,19.601955738067627,20.846665925979615
2024-03-12,47.16971557242514,C,19.737443923950195,19.539481735229494,19.072995948791505,18.88728380203247,19.672988243103028,19.607525959014893,20.825560789108277
2024-03-13,50.19970998678292,C,20.00204849243164,19.702164077758788,19.197457695007323,18.95196466445923,19.66038822174072,19.61814218521118,20.806207017898558
2024-03-14,51.03440848098396,C,19.668842315673828,19.755084609985353,19.302318954467772,19.001945209503173,19.64830219268799,19.635410137176514,20.785044412612915
2024-03-15,51.837620668515,C,19.933448791503903,19.81780586242676,19.451280975341795,19.065156078338624,19.63277816772461,19.659932079315187,20.765252447128297
2024-03-18,51.39298303088005,C,19.796247482299805,19.827606201171875,19.572802734375,19.121506881713866,19.609078102111816,19.678954105377198,20.745155220031737
2024-03-19,50.91326933840589,C,19.796247482299805,19.839366912841797,19.689424324035645,19.177367782592775,19.581110038757323,19.69836009979248,20.724534454345704
2024-03-20,49.76634022198146,C,20.00204849243164,19.839366912841797,19.770765495300292,19.231758499145506,19.55881000518799,19.717136173248292,20.703943243026732
2024-03-21,50.152807903835104,C,20.296051025390625,19.964808654785156,19.859946632385252,19.306239318847656,19.53928596496582,19.73549234390259,20.682870721817018
2024-03-22,49.0608820139175,C,20.18824958801269,20.015768814086915,19.916787338256835,19.37582015991211,19.52575393676758,19.751426525115967,20.658879537582397
2024-03-25,49.103048557050464,C,20.23724937438965,20.103969192504884,19.96578769683838,19.459611034393312,19.513201904296874,19.768042697906495,20.635133352279663
2024-03-26,50.153291856749355,C,20.511653900146484,20.247050476074218,20.04320869445801,19.558102321624755,19.511570053100584,19.783037872314452,20.61366346359253
2024-03-27,52.67643163302552,C,21.02126121520996,20.450893020629884,20.14512996673584,19.671293830871583,19.524980392456055,19.80739715576172,20.594075288772583
2024-03-28,54.320550575580576,A,21.03105926513672,20.5978946685791,20.28135166168213,19.79183530807495,19.539362678527834,19.831272430419922,20.57287034034729
2024-03-29,56.849415195129836,A,21.03105926513672,20.766456604003906,20.39111270904541,19.921196842193602,19.55820701599121,19.855826683044434,20.551998558044435
2024-04-01,58.55237296767723,A,20.80565643310547,20.88013801574707,20.492053604125978,20.032428169250487,19.57778129577637,19.878611907958984,20.53157033920288
2024-04-02,57.70276287459513,A,20.403852462768555,20.858577728271484,20.552814102172853,20.121119213104247,19.580201454162598,19.894372081756593,20.51037052154541
2024-04-03,53.40808280972414,A,19.933448791503903,20.64101524353027,20.545954132080077,20.158359813690186,19.58252559661865,19.903585205078127,20.487247018814088
2024-04-04,48.15470177645488,A,19.766845703125,20.38817253112793,20.493033599853515,20.176490116119385,19.575309600830078,19.911035289764403,20.462386236190795
2024-04-05,42.79541792649556,A,19.845245361328125,20.15100975036621,20.45873317718506,20.187760257720946,19.56791561126709,19.91859037399292,20.435870933532716
2024-04-08,37.50450769730495,B,19.65904426574707,19.92168731689453,20.4009126663208,20.18335018157959,19.552917556762694,19.92360445022583,20.410233163833617
2024-04-09,34.948566665756694,B,19.943246841430664,19.829566192626952,20.34407196044922,20.193640327453615,19.54690158843994,19.930005531311036,20.38601640701294
2024-04-10,34.2973253533416,B,19.83544540405273,19.809965515136717,20.225490379333497,20.18531017303467,19.540863609313966,19.933970584869385,20.362878818511962
2024-04-11,32.57651756783456,B,19.06123733520508,19.668843841552736,20.028508186340332,20.15492992401123,19.516819458007813,19.93019355773926,20.33625093460083
2024-04-12,29.74476195086351,B,18.747631072998047,19.449320983886718,19.800165367126464,20.095639038085938,19.487667160034178,19.92124345779419,20.30995876312256
2024-04-15,27.882378619432373,B,18.747631072998047,19.267038345336914,19.594362831115724,20.04320821762085,19.465304946899415,19.913166370391846,20.283523807525636
2024-04-16,24.92437206905895,B,18.728031158447266,19.023995208740235,19.426780700683594,19.989797401428223,19.440222702026368,19.904893283843993,20.257799949645996
2024-04-17,23.049917609503428,B,18.88483428955078,18.833872985839843,19.321919250488282,19.93393669128418,19.41982852935791,19.898964252471924,20.232051010131837
2024-04-18,25.086685569246423,B,19.18863677978516,18.85935287475586,19.264098358154296,19.878565979003906,19.42859661102295,19.892581195831298,20.207107191085814
2024-04-19,28.56648181736656,B,19.18863677978516,18.947554016113283,19.1984375,19.82858533859253,19.43736469268799,19.88377311706543,20.184352655410766
2024-04-22,31.566532568961495,B,19.18863677978516,19.035755157470707,19.15139675140381,19.776154708862304,19.44108871459961,19.87564405441284,20.161836099624633
2024-04-23,33.842810843526465,B,18.98283576965332,19.086716079711916,19.055355644226076,19.699713802337648,19.443440780639648,19.869822006225586,20.13867127418518
2024-04-24,34.48919043152184,B,18.747631072998047,19.05927543640137,18.946574211120605,19.58603229522705,19.44422477722168,19.86921398162842,20.113426151275636
2024-04-25,32.97874859980312,B,18.63983154296875,18.949514389038086,18.90443363189697,19.46647090911865,19.443636779785155,19.85375385284424,20.089974088668825
2024-04-26,31.05450368723848,B,18.483030319213867,18.80839309692383,18.877973556518555,19.33906946182251,19.439912757873536,19.838665714263914,20.068117694854735
2024-04-29,29.761802062594487,B,18.67902946472168,18.706471633911132,18.87111339569092,19.23273811340332,19.44010871887207,19.825731582641602,20.046527404785156
2024-04-30,28.57968063415669,B,18.443828582763672,18.598670196533202,18.84269313812256,19.134736919403075,19.435404701232912,19.8088934135437,20.019192142486574
2024-05-01,28.648374204010917,B,18.473228454589844,18.543789672851563,18.801532554626466,19.061725902557374,19.426584587097167,19.78953622817993,19.994050397872925
2024-05-02,29.987198835275795,B,18.73783302307129,18.56338996887207,18.75645217895508,19.010275268554686,19.42521255493164,19.77263111114502,19.97237338066101
2024-05-03,31.701282844297097,B,18.81623268127441,18.63003044128418,18.719211769104003,18.958824634552002,19.425604553222655,19.757188987731933,19.950326871871948
2024-05-06,32.58844120331784,B,18.698633193969727,18.63395118713379,18.670211410522462,18.910804080963135,19.428348579406737,19.74037687301636,19.931119079589845
2024-05-07,37.847723885473165,B,19.887104034423828,18.92260627746582,18.76063823699951,18.907996940612794,19.455254096984863,19.730987434387206,19.91799641609192
2024-05-08,44.006762864341134,C,20.253551483154297,19.278670883178712,18.911230278015136,18.928902244567873,19.48517650604248,19.730306491851806,19.90551616668701
2024-05-09,49.6747481894719,C,20.34268569946289,19.599641418457033,19.08151569366455,18.99297466278076,19.519625625610352,19.727897891998293,19.89305323600769
2024-05-10,55.389745079218706,C,20.34268569946289,19.904932022094727,19.26748123168945,19.072727394104003,19.557602767944335,19.724131259918213,19.88277958869934
2024-05-13,60.627237846316824,C,20.16441535949707,20.198088455200196,19.41601982116699,19.143566608428955,19.58927047729492,19.718581924438478,19.871567010879517
2024-05-14,62.10657125365023,C,20.431819915771484,20.307031631469727,19.614818954467772,19.228756046295167,19.625306243896485,19.71638563156128,19.86245295524597
2024-05-15,61.313623681160784,C,20.34268569946289,20.324858474731446,19.801764678955077,19.30164861679077,19.64838722229004,19.71077600479126,19.85303600311279
2024-05-16,59.75962189120718,C,20.402109146118164,20.3367431640625,19.968192291259765,19.36232223510742,19.668344612121583,19.706536617279053,19.84382097244263
2024-05-17,57.19977092470091,C,20.273357391357425,20.322877502441408,20.113904762268067,19.416558265686035,19.681414909362793,19.700427684783936,19.832296419143677
2024-05-20,53.96591585424458,C,19.708833694458008,20.231761169433593,20.214924812316895,19.44256811141968,19.68064666748047,19.688673515319824,19.821661529541014
2024-05-21,49.92645110625565,C,19.778160095214844,20.101029205322266,20.204030418395995,19.482334327697753,19.681460990905762,19.677224617004395,19.80985029220581
2024-05-22,46.62215666399144,C,19.689023971557617,19.97029685974121,20.147577667236327,19.529403972625733,19.67520050048828,19.667794361114503,19.799163942337035
2024-05-23,42.48819996362045,C,19.253252029418945,19.740525436401366,20.038634300231934,19.56007499694824,19.666888694763184,19.657595443725587,19.787012634277342
2024-05-24,38.67973622010863,B,19.16411781311035,19.518677520751954,19.92077751159668,19.594129371643067,19.651502075195314,19.64214012145996,19.773987312316894
2024-05-27,36.65670926411976,B,19.16411781311035,19.409734344482423,19.820747756958006,19.6183837890625,19.638859481811522,19.62396879196167,19.76081922531128
2024-05-28,34.73265619528997,B,19.06507682800293,19.26711769104004,19.684073448181152,19.649446201324462,19.624236068725587,19.602673053741455,19.743158092498778
2024-05-29,31.996970270367857,B,18.68872833251953,19.067058563232422,19.518677711486816,19.66022119522095,19.597969665527344,19.578389835357665,19.72418632507324
2024-05-30,30.80635066075168,B,18.80757522583008,18.97792320251465,19.359224319458008,19.663708305358888,19.568200149536132,19.553743057250976,19.70561842918396
2024-05-31,31.303420185821295,B,19.11459732055664,18.968019104003908,19.24334831237793,19.678626537323,19.546727104187013,19.536240520477296,19.69093759536743
2024-06-03,31.56266413801866,B,19.055173873901367,18.946230316162108,19.177982330322266,19.696453571319584,19.523085594177246,19.518143749237062,19.675959644317626
2024-06-04,31.71540896838091,B,18.96603775024414,18.92642250061035,19.096770095825196,19.650400257110597,19.492173271179198,19.50187166213989,19.661063995361328
2024-06-05,32.458686262679215,B,18.80757522583008,18.95019187927246,19.00862522125244,19.57810144424439,19.4478995513916,19.48643997192383,19.64436806678772
2024-06-06,31.850738730182993,B,18.451032638549805,18.878883361816406,18.928403282165526,19.483518791198733,19.396299018859864,19.467830848693847,19.6259854221344
2024-06-07,29.021642888811016,B,18.21333885192871,18.69863166809082,18.833325386047363,19.377051448822023,19.339944610595705,19.449075813293458,19.606846294403077
2024-06-10,25.941506319626132,B,18.11429977416992,18.510456848144532,18.72834358215332,19.274545669555668,19.286117477416994,19.43194938659668,19.587211971282958
2024-06-11,24.370440268544844,B,18.292570114135746,18.37576332092285,18.6510929107666,19.16758317947388,19.243891830444337,19.412046642303466,19.570148963928222
2024-06-12,22.515764316026587,B,17.78746795654297,18.17174186706543,18.560966873168944,19.039822292327884,19.200972213745118,19.391748905181885,19.551664428710936
2024-06-13,22.403194470070662,B,17.85679817199707,18.05289497375488,18.465889167785644,18.912556743621828,19.162771263122558,19.36904043197632,19.540198411941528
2024-06-14,23.19024810871427,B,17.896411895751953,17.98950958251953,18.344070625305175,18.793709468841552,19.123794593811034,19.345855102539062,19.52744249343872
2024-06-17,26.367181968504372,B,18.6094970703125,18.088549041748045,18.29950294494629,18.738742637634278,19.102803649902345,19.32786060333252,19.514556074142455
2024-06-18,28.176700033568512,B,18.342090606689453,18.09845314025879,18.23710823059082,18.666939163208006,19.07078052520752,19.30884105682373,19.505180530548095
2024-06-19,31.23463868338035,B,18.342090606689453,18.209377670288085,18.190559768676756,18.5995924949646,19.040913429260254,19.29088851928711,19.493213024139404
2024-06-20,35.056399166934405,B,18.659015655517575,18.36982116699219,18.211358070373535,18.56988067626953,19.032868995666504,19.274844226837157,19.48215817451477
2024-06-21,38.34663852269679,B,18.35199546813965,18.460937881469725,18.225223731994628,18.529274559020998,19.024956283569335,19.256311721801758,19.472064170837402
2024-06-24,39.93631624529358,B,18.71843910217285,18.482726287841796,18.285637664794923,18.50699062347412,19.02437244415283,19.244838695526123,19.464474363327028
2024-06-25,41.620054583372685,C,18.47084045410156,18.50847625732422,18.303464698791505,18.477278804779054,19.019228630065918,19.229725666046143,19.455742568969725
2024-06-26,43.169723011402084,C,18.41141700744629,18.522341537475587,18.365859603881837,18.46341323852539,19.009760284423827,19.21479440689087,19.447529640197754
2024-06-27,42.478631020736195,C,18.243051528930664,18.439148712158204,18.404484939575195,18.43518705368042,18.990848579406737,19.209722595214842,19.438714876174927
2024-06-28,41.7181009987852,B,18.005355834960938,18.36982078552246,18.415379333496094,18.379724979400635,18.967182960510254,19.20227382659912,19.430103607177735
2024-07-01,38.62960776300127,B,17.77756690979004,18.1816463470459,18.33218631744385,18.31584463119507,18.93896156311035,19.19002513885498,19.419009408950807
2024-07-02,37.64895297739184,B,18.06477928161621,18.10043411254883,18.304455184936522,18.27078170776367,18.92060043334961,19.18202060699463,19.4102632522583
2024-07-03,36.88960483111591,B,18.13410758972168,18.044972229003907,18.283656883239747,18.237108325958253,18.908329963684082,19.17627737045288,19.403879718780516
2024-07-04,37.0044159036844,B,18.13410758972168,18.02318344116211,18.231166076660156,18.221262073516847,18.89821548461914,19.170926132202148,19.398024168014526
2024-07-05,38.28546006902895,B,18.13410758972168,18.04893379211426,18.20937728881836,18.217300510406496,18.8912370300293,19.165574893951415,19.392312622070314
2024-07-08,40.89176848204462,B,18.074684143066406,18.108357238769532,18.145001792907713,18.21531972885132,18.87915012359619,19.15962942123413,19.38515196800232
2024-07-09,41.90129678327257,B,18.044971466064453,18.10439567565918,18.102414894104005,18.202939796447755,18.871172981262205,19.15328884124756,19.379426727294923
2024-07-10,40.976872973699756,B,17.52996826171875,17.983567810058595,18.01427001953125,18.19006481170654,18.852307777404786,19.13944618225098,19.3723744392395
2024-07-11,40.522954269458005,B,17.747854232788086,17.906317138671874,17.964750289916992,18.184617614746095,18.832508201599122,19.12886037826538,19.366267585754393
2024-07-12,40.75329145828446,B,18.163820266723636,17.912259674072267,17.98059673309326,18.197988033294678,18.819459953308105,19.12253225326538,19.360752601623535
2024-07-15,40.60252332280069,B,17.9360294342041,17.884528732299806,17.996442985534667,18.164314651489256,18.80420787811279,19.116278228759764,19.35505862236023
2024-07-16,40.59230045815291,B,18.074684143066406,17.890471267700196,17.997433471679688,18.150944328308107,18.767959480285644,19.111606788635253,19.350921907424926
2024-07-17,42.75268623827958,B,18.262859344482425,18.03704948425293,18.01030864715576,18.146982765197755,18.728145637512206,19.106661071777342,19.348302059173584
2024-07-18,43.593623434464824,C,18.14401054382324,18.11628074645996,18.01129894256592,18.121232509613037,18.684172134399414,19.10189888000488,19.34628794670105
2024-07-19,42.748500878704384,C,18.074684143066406,18.098453521728516,18.00535659790039,18.107366943359374,18.638812103271484,19.09820743560791,19.343687210083008
2024-07-22,42.56215666276225,C,18.05487632751465,18.122222900390625,18.003375816345216,18.074188804626466,18.596621322631837,19.09294589996338,19.34017143249512
2024-07-23,41.26917351596742,B,17.75775909423828,18.058837890625,17.974654579162596,18.038534736633302,18.54314010620117,19.084223175048827,19.334018096923828
2024-07-24,39.864001808694645,B,17.995452880859375,18.00535659790039,18.02120304107666,18.017736530303956,18.496195449829102,19.07229133605957,19.32770927429199
2024-07-25,39.37576570319447,B,18.074684143066406,17.991491317749023,18.053886032104494,18.009318161010743,18.449646949768066,19.058995780944823,19.322852573394776
2024-07-26,40.52691352040108,B,18.51045799255371,18.078646087646483,18.0885498046875,18.03457326889038,18.414388961791992,19.047901935577393,19.32065474510193
2024-07-29,42.520280260170935,C,18.619400024414062,18.19155082702637,18.156886863708497,18.076664924621582,18.39260028839111,19.03662347793579,19.31928960800171
2024-07-30,45.33381307289792,C,18.569881439208984,18.353975296020508,18.206406593322754,18.10192003250122,18.368434715270997,19.024947853088378,19.316236906051635
2024-07-31,46.28233417763804,C,18.3123779296875,18.417360305786133,18.21135845184326,18.11083354949951,18.340901794433595,19.008051147460936,19.313096666336058
2024-08-01,47.95256136667862,C,18.451032638549805,18.492630004882812,18.242060661315918,18.126679801940917,18.32485740661621,18.995873050689696,19.315641593933105
2024-08-02,48.70266566402653,C,18.63920783996582,18.518379974365235,18.29851303100586,18.151934814453124,18.31435920715332,18.982930641174317,19.321431360244752
2024-08-05,46.59458403406049,C,18.015260696411133,18.39755210876465,18.29455146789551,18.14896364212036,18.291382064819334,18.96512077331543,19.322037439346314
2024-08-06,53.13462979764958,C,20.65961265563965,18.81549835205078,18.584736824035645,18.27969570159912,18.32327278137207,18.973754425048828,19.336057262420653
2024-08-07,60.41308032736384,A,20.42191696166992,19.237406158447264,18.8273832321167,18.42429313659668,18.357936553955078,18.97795310974121,19.34754464149475
2024-08-08,68.08120976297535,A,21.04586410522461,19.756372451782227,19.12450122833252,18.589193630218507,18.40270233154297,18.98545124053955,19.36047179222107
2024-08-09,73.91659291400939,A,20.81807518005371,20.192145919799806,19.35526294708252,18.72190637588501,18.43677188873291,18.99174949645996,19.371588010787963
2024-08-12,82.63813469461905,A,20.887401580810547,20.766574096679687,19.582063102722167,18.869474983215333,18.473416442871095,18.99825101852417,19.383146858215333
2024-08-13,81.10591081206617,A,21.13500022888184,20.861651611328124,19.838574981689455,19.022490787506104,18.516795692443846,19.004484481811524,19.393761177062988
2024-08-14,80.44350976136421,A,21.18000030517578,21.013268280029298,20.125337219238283,19.16834783554077,18.564244194030763,19.006071872711182,19.40673451423645
2024-08-15,79.0991459829139,A,21.56999969482422,21.11809539794922,20.437233924865723,19.33964729309082,18.62662353515625,19.011461277008056,19.42136685371399
2024-08-16,79.7801004746945,A,21.670000076293945,21.288480377197267,20.740313148498537,19.5194130897522,18.695756759643555,19.01785068511963,19.43683868408203
2024-08-19,80.02566596017506,A,21.63999938964844,21.438999938964844,21.102787017822266,19.698669242858887,18.766270751953126,19.026194114685058,19.452403011322023
2024-08-20,79.92952995940206,A,21.549999237060547,21.521999740600585,21.191825675964356,19.88828125,18.83141933441162,19.037655582427977,19.466013832092287
2024-08-21,80.04051408511127,A,21.690000534057617,21.623999786376952,21.318634033203125,20.073008632659914,18.909469985961913,19.055221099853515,19.47940315246582
2024-08-22,78.25204770200126,A,21.559999465942383,21.621999740600586,21.370047569274902,20.24727439880371,18.98353401184082,19.07315263748169,19.49209396362305
2024-08-23,76.51420353695617,A,21.81999969482422,21.65199966430664,21.47024002075195,20.412751483917237,19.062005767822267,19.09290018081665,19.505745277404785
2024-08-26,74.51486683155888,A,21.959999084472656,21.715999603271484,21.577499771118163,20.579781436920165,19.129015808105468,19.115909729003906,19.519757089614867
2024-08-27,74.48585402274381,A,21.920000076293945,21.789999771118165,21.655999755859376,20.747287368774415,19.200573997497557,19.13567726135254,19.532841396331786
2024-08-28,73.13454015441991,A,21.71999931335449,21.79599952697754,21.709999656677248,20.917668437957765,19.26813217163086,19.154522800445555,19.54424669265747
2024-08-29,72.96210558257417,A,21.75,21.833999633789062,21.727999687194824,21.082616806030273,19.32995185852051,19.181410427093507,19.55580199241638
2024-08-30,72.55915696449397,A,21.950000762939453,21.85999984741211,21.755999755859374,21.248156452178954,19.401911964416502,19.21343412399292,19.567338790893555
2024-09-02,72.14514444212335,A,21.950000762939453,21.858000183105467,21.786999893188476,21.444893455505373,19.466543197631836,19.245457820892334,19.57931209564209
2024-09-03,71.20073264019928,A,22.100000381469727,21.894000244140624,21.842000007629395,21.516912841796874,19.5391263961792,19.27917751312256,19.592035398483276
2024-09-04,72.3660793072458,A,22.51000022888184,22.052000427246092,21.923999977111816,21.621317005157472,19.62109806060791,19.31542917251587,19.607196712493895
2024-09-05,73.14248578618653,A,22.51000022888184,22.204000473022464,22.01900005340576,21.694523811340332,19.706437034606935,19.348642807006836,19.62061200141907
2024-09-06,74.41614714239954,A,22.86000061035156,22.386000442504884,22.123000144958496,21.796620082855224,19.803529930114745,19.3853564453125,19.634564781188963
2024-09-09,76.57403349281782,A,23.200000762939453,22.636000442504884,22.247000312805177,21.91225004196167,19.911978607177733,19.425470085144042,19.650557069778444
2024-09-10,78.88054665293083,A,23.049999237060547,22.826000213623047,22.360000228881837,22.007999992370607,20.01168300628662,19.466141719818115,19.66798186302185
2024-09-11,79.86941141881792,A,23.09000015258789,22.94200019836426,22.497000312805177,22.103499984741212,20.110800857543946,19.509565410614012,19.689389696121214
2024-09-12,80.60627815554726,A,23.07999992370605,23.0560001373291,22.63000030517578,22.178999996185304,20.209718704223633,19.553967094421388,19.703860473632812
2024-09-13,81.0531460025687,A,23.38999938964844,23.161999893188476,22.77400016784668,22.26499996185303,20.314836540222167,19.60303678512573,19.720851249694825
2024-09-16,80.14042019905172,A,23.3799991607666,23.197999572753908,22.917000007629394,22.351999950408935,20.42094284057617,19.650046482086182,19.737889032363892
2024-09-17,79.96885413428414,A,23.38999938964844,23.26599960327149,23.045999908447264,22.44399995803833,20.527843399047853,19.69950819015503,19.754200801849365
2024-09-18,78.72891123684737,A,23.190000534057617,23.28599967956543,23.113999938964845,22.51899995803833,20.641044044494627,19.74667591094971,19.76810606956482
2024-09-19,77.17978604044127,A,22.899999618530277,23.249999618530275,23.152999877929688,22.585999965667725,20.74408695220947,19.7882975769043,19.780464344024658
2024-09-20,74.64628339896383,A,23.020000457763672,23.17599983215332,23.168999862670898,22.6460000038147,20.841210556030273,19.83033525466919,19.79376212120056
2024-09-23,72.27280169860492,A,23.020000457763672,23.104000091552734,23.15099983215332,22.699000072479247,20.942889976501466,19.87354892730713,19.806962900161743
2024-09-24,69.61897808924091,A,23.11000061035156,23.04800033569336,23.15699996948242,22.75850009918213,21.043596305847167,19.905777893066407,19.81838266372681
2024-09-25,67.79536545711836,A,23.0,23.010000228881836,23.147999954223632,22.822500133514403,21.138339118957518,19.933242378234862,19.831774435043336
2024-09-26,67.5231703174594,A,23.1299991607666,23.0560001373291,23.152999877929688,22.891500091552736,21.238058891296387,19.9611155128479,19.844506702423097
2024-09-27,67.63862855946617,P,23.26000022888184,23.104000091552734,23.13999996185303,22.957000064849854,21.341765213012696,19.99028865814209,19.85720995903015
2024-09-30,67.61180661301584,A,23.1299991607666,23.12599983215332,23.114999961853027,23.01599998474121,21.443267669677734,20.019944496154785,19.86926321029663
2024-10-01,66.53384060270751,A,22.780000686645508,23.059999847412108,23.054000091552734,23.05,21.543712501525878,20.043426303863527,19.879905967712403
2024-10-02,64.97039609319866,P,22.6299991607666,22.98599967956543,22.997999954223634,23.055999946594238,21.636403427124023,20.066299438476562,19.88853772163391
2024-10-03,61.782306581232014,P,22.270000457763672,22.813999938964844,22.935000038146974,23.04399995803833,21.72030975341797,20.08497835159302,19.895757484436036
2024-10-04,57.78733443056714,P,22.15999984741211,22.5939998626709,22.848999977111816,23.00899991989136,21.793300590515138,20.103844776153565,19.90213623046875
2024-10-07,53.66700290626602,P,21.989999771118164,22.36599998474121,22.745999908447267,22.948499870300292,21.860712585449217,20.126656436920165,19.907664976119996
2024-10-08,50.62746407668357,P,21.850000381469727,22.179999923706056,22.619999885559082,22.88849992752075,21.926314964294434,20.147374839782714,19.912299728393556
2024-10-09,47.57983532484838,P,21.530000686645508,21.960000228881835,22.47299995422363,22.810499954223634,21.990667419433592,20.165784606933595,19.916789484024047
2024-10-10,45.36124602044572,P,21.31999969482422,21.770000076293947,22.292000007629394,22.722499942779542,22.04804676055908,20.186452083587646,19.922023763656615
2024-10-11,44.09413884713228,P,21.459999084472656,21.629999923706055,22.111999893188475,22.625999927520752,22.10446258544922,20.209410896301268,19.925775508880616
2024-10-14,44.09226933439606,P,21.600000381469727,21.552000045776367,21.959000015258788,22.53699998855591,22.17615737915039,20.233769721984864,19.928869256973268
2024-10-15,44.09564813718677,P,21.76000022888184,21.53400001525879,21.856999969482423,22.455500030517577,22.198165130615234,20.260718955993653,19.931696004867554
2024-10-16,45.30305945054052,P,21.729999542236328,21.57399978637695,21.767000007629395,22.382499980926514,22.224326782226562,20.29113166809082,19.934760751724244
2024-10-17,46.15463265019258,P,21.450000762939453,21.6,21.685000038146974,22.310000038146974,22.23240951538086,20.317555923461914,19.935649490356447
2024-10-18,47.73871607369816,P,21.71999931335449,21.65200004577637,21.64099998474121,22.244999980926515,22.250447998046877,20.343609943389893,19.939925231933593
2024-10-21,52.17304263644494,P,22.920000076293945,21.915999984741212,21.73400001525879,22.239999961853027,22.291099967956544,20.38225820541382,19.95020097732544
2024-10-22,56.672541279666575,P,22.93000030517578,22.15,21.842000007629395,22.23099994659424,22.326999969482422,20.421897830963136,19.961884746551515
2024-10-23,60.44190291552008,A,22.76000022888184,22.3560001373291,21.964999961853028,22.21899995803833,22.358599967956543,20.461422080993653,19.97393102645874
2024-10-24,65.72886611278086,A,22.96999931335449,22.65999984741211,22.129999923706055,22.210999965667725,22.38659996032715,20.5066117477417,19.987221298217772
2024-10-25,68.87098104793576,A,22.63999938964844,22.8439998626709,22.247999954223634,22.179999923706056,22.40599994659424,20.550878353118897,19.999977083206176
2024-10-28,68.10426630664595,A,22.8799991607666,22.83599967956543,22.37599983215332,22.167499923706053,22.430799942016602,20.598535346984864,20.015242366790773
2024-10-29,66.97495875922642,A,22.780000686645508,22.805999755859375,22.477999877929687,22.167499923706053,22.4553999710083,20.643409652709963,20.027728147506714
2024-10-30,66.7888441717554,A,22.88999938964844,22.831999588012696,22.5939998626709,22.180499935150145,22.47939994812012,20.694434967041015,20.043091936111452
2024-10-31,65.89586007615195,A,22.93000030517578,22.82399978637695,22.74199981689453,22.21349992752075,22.506799964904786,20.7451669883728,20.05710371017456
2024-11-01,65.74639709632002,A,22.729999542236328,22.841999816894532,22.842999839782713,22.241999912261964,22.524999961853027,20.793502864837645,20.069678983688355
